"4796","150.000000","0.000000","0.000000","66.600329","0.003135"
"4806","150.000000","0.000000","0.000000","66.600296","0.002821"
"4816","150.000000","0.000000","0.000000","66.600267","0.002539"
"4826","150.000000","0.000000","0.000000","66.600240","0.002285"
"4836","150.000000","0.000000","0.000000","66.600216","0.002057"
"4846","150.000000","0.000000","0.000000","66.600194","0.001851"
"4856","150.000000","0.000000","0.000000","66.600175","0.001666"
"4866","150.000000","0.000000","0.000000","66.600157","0.001499"
"4876","150.000000","0.000000","0.000000","66.600142","0.001349"
"4886","150.000000","0.000000","0.000000","66.600128","0.001215"
"4896","150.000000","0.000000","0.000000","66.600115","0.001093"
"4906","150.000000","0.000000","0.000000","66.600103","0.000984"
"4916","150.000000","0.000000","0.000000","66.600093","0.000885"
"4926","150.000000","0.000000","0.000000","66.600084","0.000797"
"4936","150.000000","0.000000","0.000000","66.600075","0.000717"
"4946","150.000000","0.000000","0.000000","66.600068","0.000645"
"4956","150.000000","0.000000","0.000000","66.600061","0.000581"
"4966","150.000000","0.000000","0.000000","66.600055","0.000523"
"4976","150.000000","0.000000","0.000000","66.600049","0.000471"
"4986","150.000000","0.000000","0.000000","66.600044","0.000423"
"4996","150.000000","0.000000","0.000000","66.600040","0.000381"
"5006","150.000000","0.000000","0.000000","66.600036","0.000343"
"5016","150.000000","0.000000","0.000000","66.600032","0.000309"
"5026","150.000000","0.000000","0.000000","66.600029","0.000278"
"5036","150.000000","0.000000","0.000000","66.600026","0.000250"
"5046","150.000000","0.000000","0.000000","66.600024","0.000225"
"5056","150.000000","0.000000","0.000000","66.600021","0.000203"
"5066","150.000000","0.000000","0.000000","66.600019","0.000182"
"5076","150.000000","0.000000","0.000000","66.600017","0.000164"
"5086","150.000000","0.000000","0.000000","66.600016","0.000148"
"5096","150.000000","0.000000","0.000000","66.600014","0.000133"
"5106","150.000000","0.000000","0.000000","66.600013","0.000120"
"5116","150.000000","0.000000","0.000000","66.600011","0.000108"
"5126","150.000000","0.000000","0.000000","66.600010","0.000097"
"5136","150.000000","0.000000","0.000000","66.600009","0.000087"
"5146","150.000000","0.000000","0.000000","66.600008","0.000078"
"5156","150.000000","0.000000","0.000000","66.600007","0.000071"
"5166","150.000000","0.000000","0.000000","66.600007","0.000064"
"5176","150.000000","0.000000","0.000000","66.600006","0.000057"
"5186","150.000000","0.000000","0.000000","66.600005","0.000051"
"5196","150.000000","0.000000","0.000000","66.600005","0.000046"
"5206","150.000000","0.000000","0.000000","66.600004","0.000042"
"5216","150.000000","0.000000","0.000000","66.600004","0.000038"
"5226","150.000000","0.000000","0.000000","66.600004","0.000034"
"5236","150.000000","0.000000","0.000000","66.600003","0.000030"
"5246","150.000000","0.000000","0.000000","66.600003","0.000027"
"5256","150.000000","0.000000","0.000000","66.600003","0.000025"
"5266","150.000000","0.000000","0.000000","66.600002","0.000022"
"5276","150.000000","0.000000","0.000000","66.600002","0.000020"
"5286","150.000000","0.000000","0.000000","66.600002","0.000018"
"5296","150.000000","0.000000","0.000000","66.600002","0.000016"
"5306","150.000000","0.000000","0.000000","66.600002","0.000015"
"5316","150.000000","0.000000","0.000000","66.600001","0.000013"
"5326","150.000000","0.000000","0.000000","66.600001","0.000012"
"5336","150.000000","0.000000","0.000000","66.600001","0.000011"
"5346","150.000000","0.000000","0.000000","66.600001","0.000010"
"5356","150.000000","0.000000","0.000000","66.600001","0.000009"
"5366","150.000000","0.000000","0.000000","66.600001","0.000008"
"5376","150.000000","0.000000","0.000000","66.600001","0.000007"
"5386","150.000000","0.000000","0.000000","66.600001","0.000006"
"5396","150.000000","0.000000","0.000000","66.600001","0.000006"
"5406","150.000000","0.000000","0.000000","66.600001","0.000005"
"5416","150.000000","0.000000","0.000000","66.600000","0.000005"
"5426","150.000000","0.000000","0.000000","66.600000","0.000004"
"5436","150.000000","0.000000","0.000000","66.600000","0.000004"
"5446","150.000000","0.000000","0.000000","66.600000","0.000003"
"5456","150.000000","0.000000","0.000000","66.600000","0.000003"
"5466","150.000000","0.000000","0.000000","66.600000","0.000003"
"5476","150.000000","0.000000","0.000000","66.600000","0.000002"
"5486","150.000000","0.000000","0.000000","66.600000","0.000002"
"5496","150.000000","0.000000","0.000000","66.600000","0.000002"
"5506","150.000000","0.000000","0.000000","66.600000","0.000002"
"5516","150.000000","0.000000","0.000000","66.600000","0.000002"
"5526","150.000000","0.000000","0.000000","66.600000","0.000001"
"5536","150.000000","0.000000","0.000000","66.600000","0.000001"
"5546","150.000000","0.000000","0.000000","66.600000","0.000001"
"5556","150.000000","0.000000","0.000000","66.600000","0.000001"
"5566","150.000000","0.000000","0.000000","66.600000","0.000001"
"5576","150.000000","0.000000","0.000000","66.600000","0.000001"
"5586","150.000000","0.000000","0.000000","66.600000","0.000001"
"5596","150.000000","0.000000","0.000000","66.600000","0.000001"
"5606","150.000000","0.000000","0.000000","66.600000","0.000001"
"5616","150.000000","0.000000","0.000000","66.600000","0.000001"
"5626","150.000000","0.000000","0.000000","66.600000","0.000000"
"5636","150.000000","0.000000","0.000000","66.600000","0.000000"
"5646","150.000000","0.000000","0.000000","66.600000","0.000000"
"5656","150.000000","0.000000","0.000000","66.600000","0.000000"
"5666","150.000000","0.000000","0.000000","66.600000","0.000000"
"5676","150.000000","0.000000","0.000000","66.600000","0.000000"
"5686","150.000000","0.000000","0.000000","66.600000","0.000000"
"5696","150.000000","0.000000","0.000000","66.600000","0.000000"
"5706","150.000000","0.000000","0.000000","66.600000","0.000000"
"5716","150.000000","0.000000","0.000000","66.600000","0.000000"
"5726","150.000000","0.000000","0.000000","66.600000","0.000000"
"5736","150.000000","0.000000","0.000000","66.600000","0.000000"
"5746","150.000000","0.000000","0.000000","66.600000","0.000000"
"5756","150.000000","0.000000","0.000000","66.600000","0.000000"
"5766","150.000000","0.000000","0.000000","66.600000","0.000000"
"5776","150.000000","0.000000","0.000000","66.600000","0.000000"
"5786","150.000000","0.000000","0.000000","66.600000","0.000000"
"5796","150.000000","0.000000","0.000000","66.600000","0.000000"
"5806","150.000000","0.000000","0.000000","66.600000","0.000000"
"5816","150.000000","0.000000","0.000000","66.600000","0.000000"
"5826","150.000000","0.000000","0.000000","66.600000","0.000000"
"5836","150.000000","0.000000","0.000000","66.600000","0.000000"
"5846","150.000000","0.000000","0.000000","66.600000","0.000000"
"5856","150.000000","0.000000","0.000000","66.600000","0.000000"
"5866","150.000000","0.000000","0.000000","66.600000","0.000000"
"5876","150.000000","0.000000","0.000000","66.600000","0.000000"
"5886","150.000000","0.000000","0.000000","66.600000","0.000000"
"5896","150.000000","0.000000","0.000000","66.600000","0.000000"
"5906","150.000000","0.000000","0.000000","66.600000","0.000000"
"5916","150.000000","0.000000","0.000000","66.600000","0.000000"
"5926","150.000000","0.000000","0.000000","66.600000","0.000000"
"5936","150.000000","0.000000","0.000000","66.600000","0.000000"
"5946","150.000000","0.000000","0.000000","66.600000","0.000000"
"5956","150.000000","0.000000","0.000000","66.600000","0.000000"
"5966","225.000000","0.000000","0.000000","67.000000","30.000000"
"5976","225.000000","0.000000","0.000000","67.400000","27.000000"
"5986","225.000000","0.000000","0.000000","67.800000","24.300000"
"5996","225.000000","0.000000","0.000000","68.200000","21.870000"
"6006","225.000000","0.000000","0.000000","68.600000","19.683000"
"6016","225.000000","0.000000","0.000000","69.000000","17.714700"
"6026","225.000000","0.000000","0.000000","69.400000","15.943230"
"6036","225.000000","0.000000","0.000000","69.800000","14.348907"
"6046","225.000000","0.000000","0.000000","70.200000","12.914016"
"6056","225.000000","0.000000","0.000000","70.600000","11.622615"
"6066","225.000000","0.000000","0.000000","71.000000","10.460353"
"6076","225.000000","0.000000","0.000000","71.400000","9.414318"
"6086","225.000000","0.000000","0.000000","71.800000","8.472886"
"6096","225.000000","0.000000","0.000000","72.200000","7.625597"
"6106","225.000000","0.000000","0.000000","72.600000","6.863038"
"6116","225.000000","0.000000","0.000000","73.000000","6.176734"
"6126","225.000000","0.000000","0.000000","73.400000","5.559061"
"6136","225.000000","0.000000","0.000000","73.800000","5.003155"
"6146","225.000000","0.000000","0.000000","74.200000","4.502839"
"6156","225.000000","0.000000","0.000000","74.600000","4.052555"
"6166","225.000000","0.000000","0.000000","75.000000","3.647300"
"6176","225.000000","0.000000","0.000000","75.400000","3.282570"
"6186","225.000000","0.000000","0.000000","75.800000","2.954313"
"6196","225.000000","0.000000","0.000000","76.200000","2.658881"
"6206","225.000000","0.000000","0.000000","76.600000","2.392993"
"6216","225.000000","0.000000","0.000000","77.000000","2.153694"
"6226","225.000000","0.000000","0.000000","77.400000","1.938325"
"6236","225.000000","0.000000","0.000000","77.800000","1.744492"
"6246","225.000000","0.000000","0.000000","78.200000","1.570043"
"6256","225.000000","0.000000","0.000000","78.600000","1.413039"
"6266","225.000000","0.000000","0.000000","79.000000","1.271735"
"6276","225.000000","0.000000","0.000000","79.400000","1.144561"
"6286","225.000000","0.000000","0.000000","79.800000","1.030105"
"6296","225.000000","0.000000","0.000000","80.200000","0.927095"
"6306","225.000000","0.000000","0.000000","80.600000","0.834385"
"6316","225.000000","0.000000","0.000000","81.000000","0.750947"
"6326","225.000000","0.000000","0.000000","81.400000","0.675852"
"6336","225.000000","0.000000","0.000000","81.800000","0.608267"
"6346","225.000000","0.000000","0.000000","82.200000","0.547440"
"6356","225.000000","0.000000","0.000000","82.600000","0.492696"
"6366","225.000000","0.000000","0.000000","83.000000","0.443426"
"6376","225.000000","0.000000","0.000000","83.400000","0.399084"
"6386","225.000000","0.000000","0.000000","83.800000","0.359175"
"6396","225.000000","0.000000","0.000000","84.200000","0.323258"
"6406","225.000000","0.000000","0.000000","84.600000","0.290932"
"6416","225.000000","0.000000","0.000000","85.000000","0.261839"
"6426","225.000000","0.000000","0.000000","85.400000","0.235655"
"6436","225.000000","0.000000","0.000000","85.800000","0.212090"
"6446","225.000000","0.000000","0.000000","86.200000","0.190881"
"6456","225.000000","0.000000","0.000000","86.600000","0.171793"
"6466","225.000000","0.000000","0.000000","87.000000","0.154613"
"6476","225.000000","0.000000","0.000000","87.400000","0.139152"
"6486","225.000000","0.000000","0.000000","87.800000","0.125237"
"6496","225.000000","0.000000","0.000000","88.200000","0.112713"
"6506","225.000000","0.000000","0.000000","88.600000","0.101442"
"6516","225.000000","0.000000","0.000000","89.000000","0.091298"
"6526","225.000000","0.000000","0.000000","89.400000","0.082168"
"6536","225.000000","0.000000","0.000000","89.800000","0.073951"
"6546","225.000000","0.000000","0.000000","90.200000","0.066556"
"6556","225.000000","0.000000","0.000000","90.600000","0.059900"
"6566","225.000000","0.000000","0.000000","91.000000","0.053910"
"6576","225.000000","0.000000","0.000000","91.400000","0.048519"
"6586","225.000000","0.000000","0.000000","91.800000","0.043667"
"6596","225.000000","0.000000","0.000000","92.200000","0.039301"
"6606","225.000000","0.000000","0.000000","92.600000","0.035371"
"6616","225.000000","0.000000","0.000000","93.000000","0.031833"
"6626","225.000000","0.000000","0.000000","93.400000","0.028650"
"6636","225.000000","0.000000","0.000000","93.800000","0.025785"
"6646","225.000000","0.000000","0.000000","94.200000","0.023207"
"6656","225.000000","0.000000","0.000000","94.600000","0.020886"
"6666","225.000000","0.000000","0.000000","95.000000","0.018797"
"6676","225.000000","0.000000","0.000000","95.400000","0.016918"
"6686","225.000000","0.000000","0.000000","95.800000","0.015226"
"6696","225.000000","0.000000","0.000000","96.200000","0.013703"
"6706","225.000000","0.000000","0.000000","96.600000","0.012333"
"6716","225.000000","0.000000","0.000000","97.000000","0.011100"
"6726","225.000000","0.000000","0.000000","97.400000","0.009990"
"6736","225.000000","0.000000","0.000000","97.800000","0.008991"
"6746","225.000000","0.000000","0.000000","98.200000","0.008092"
"6756","225.000000","0.000000","0.000000","98.600000","0.007282"
"6766","225.000000","0.000000","0.000000","99.000000","0.006554"
"6776","225.000000","0.000000","0.000000","99.400000","0.005899"
"6786","225.000000","0.000000","0.000000","99.800000","0.005309"
"6796","225.000000","0.000000","0.000000","99.900502","0.004778"
"6806","225.000000","0.000000","0.000000","99.900452","0.004300"
"6816","225.000000","0.000000","0.000000","99.900406","0.003870"
"6826","225.000000","0.000000","0.000000","99.900366","0.003483"
"6836","225.000000","0.000000","0.000000","99.900329","0.003135"
"6846","225.000000","0.000000","0.000000","99.900296","0.002821"
"6856","225.000000","0.000000","0.000000","99.900267","0.002539"
"6866","300.000000","0.000000","0.000000","100.300267","30.002285"
"6876","300.000000","0.000000","0.000000","100.700267","27.002057"
"6886","300.000000","0.000000","0.000000","101.100267","24.301851"
"6896","300.000000","0.000000","0.000000","101.500267","21.871666"
"6906","300.000000","0.000000","0.000000","101.900267","19.684499"
"6916","300.000000","0.000000","0.000000","102.300267","17.716049"
"6926","300.000000","0.000000","0.000000","102.700267","15.944445"
"6936","300.000000","0.000000","0.000000","103.100267","14.350000"
"6946","300.000000","0.000000","0.000000","103.500267","12.915000"
"6956","300.000000","0.000000","0.000000","103.900267","11.623500"
"6966","300.000000","0.000000","0.000000","104.300267","10.461150"
"6976","300.000000","0.000000","0.000000","104.700267","9.415035"
"6986","300.000000","0.000000","0.000000","105.100267","8.473532"
"6996","300.000000","0.000000","0.000000","105.500267","7.626178"
"7006","300.000000","0.000000","0.000000","105.900267","6.863561"
"7016","300.000000","0.000000","0.000000","106.300267","6.177204"
"7026","300.000000","0.000000","0.000000","106.700267","5.559484"
"7036","300.000000","0.000000","0.000000","107.100267","5.003536"
"7046","300.000000","0.000000","0.000000","107.500267","4.503182"
"7056","300.000000","0.000000","0.000000","107.900267","4.052864"
"7066","300.000000","0.000000","0.000000","108.300267","3.647577"
"7076","300.000000","0.000000","0.000000","108.700267","3.282820"
"7086","300.000000","0.000000","0.000000","109.100267","2.954538"
"7096","300.000000","0.000000","0.000000","109.500267","2.659084"
"7106","300.000000","0.000000","0.000000","109.900267","2.393176"
"7116","300.000000","0.000000","0.000000","110.300267","2.153858"
"7126","300.000000","0.000000","0.000000","110.700267","1.938472"
"7136","300.000000","0.000000","0.000000","111.100267","1.744625"
"7146","300.000000","0.000000","0.000000","111.500267","1.570163"
"7156","300.000000","0.000000","0.000000","111.900267","1.413146"
"7166","300.000000","0.000000","0.000000","112.300267","1.271832"
"7176","300.000000","0.000000","0.000000","112.700267","1.144648"
"7186","300.000000","0.000000","0.000000","113.100267","1.030184"
"7196","300.000000","0.000000","0.000000","113.500267","0.927165"
"7206","300.000000","0.000000","0.000000","113.900267","0.834449"
"7216","300.000000","0.000000","0.000000","114.300267","0.751004"
"7226","300.000000","0.000000","0.000000","114.700267","0.675903"
"7236","300.000000","0.000000","0.000000","115.100267","0.608313"
"7246","300.000000","0.000000","0.000000","115.500267","0.547482"
"7256","300.000000","0.000000","0.000000","115.900267","0.492734"
"7266","300.000000","0.000000","0.000000","116.300267","0.443460"
"7276","300.000000","0.000000","0.000000","116.700267","0.399114"
"7286","300.000000","0.000000","0.000000","117.100267","0.359203"
"7296","300.000000","0.000000","0.000000","117.500267","0.323283"
"7306","300.000000","0.000000","0.000000","117.900267","0.290954"
"7316","300.000000","0.000000","0.000000","118.300267","0.261859"
"7326","300.000000","0.000000","0.000000","118.700267","0.235673"
"7336","300.000000","0.000000","0.000000","119.100267","0.212106"
"7346","300.000000","0.000000","0.000000","119.500267","0.190895"
"7356","300.000000","0.000000","0.000000","119.900267","0.171806"
"7366","300.000000","0.000000","0.000000","120.300267","0.154625"
"7376","300.000000","0.000000","0.000000","120.700267","0.139163"
"7386","300.000000","0.000000","0.000000","121.100267","0.125246"
"7396","300.000000","0.000000","0.000000","121.500267","0.112722"
"7406","300.000000","0.000000","0.000000","121.900267","0.101449"
"7416","300.000000","0.000000","0.000000","122.300267","0.091305"
"7426","300.000000","0.000000","0.000000","122.700267","0.082174"
"7436","300.000000","0.000000","0.000000","123.100267","0.073957"
"7446","300.000000","0.000000","0.000000","123.500267","0.066561"
"7456","300.000000","0.000000","0.000000","123.900267","0.059905"
"7466","300.000000","0.000000","0.000000","124.300267","0.053914"
"7476","300.000000","0.000000","0.000000","124.700267","0.048523"
"7486","300.000000","0.000000","0.000000","125.100267","0.043671"
"7496","300.000000","0.000000","0.000000","125.500267","0.039304"
"7506","300.000000","0.000000","0.000000","125.900267","0.035373"
"7516","300.000000","0.000000","0.000000","126.300267","0.031836"
"7526","300.000000","0.000000","0.000000","126.700267","0.028652"
"7536","300.000000","0.000000","0.000000","127.000000","0.025787"
"7546","300.000000","0.000000","0.000000","127.000000","0.023208"
"7556","300.000000","0.000000","0.000000","127.000000","0.020888"
"7566","300.000000","0.000000","0.000000","127.000000","0.018799"
"7576","300.000000","0.000000","0.000000","127.000000","0.016919"
"7586","300.000000","0.000000","0.000000","127.000000","0.015227"
"7596","300.000000","0.000000","0.000000","127.000000","0.013704"
"7606","300.000000","0.000000","0.000000","127.000000","0.012334"
"7616","300.000000","0.000000","0.000000","127.000000","0.011101"
"7626","300.000000","0.000000","0.000000","127.000000","0.009990"
"7636","300.000000","0.000000","0.000000","127.000000","0.008991"
"7646","300.000000","0.000000","0.000000","127.000000","0.008092"
"7656","300.000000","0.000000","0.000000","127.000000","0.007283"
"7666","300.000000","0.000000","0.000000","127.000000","0.006555"
"7676","300.000000","0.000000","0.000000","127.000000","0.005899"
"7686","300.000000","0.000000","0.000000","127.000000","0.005309"
"7696","300.000000","0.000000","0.000000","127.000000","0.004778"
"7706","300.000000","0.000000","0.000000","127.000000","0.004301"
"7716","300.000000","0.000000","0.000000","127.000000","0.003871"
"7726","300.000000","0.000000","0.000000","127.000000","0.003483"
"7736","300.000000","0.000000","0.000000","127.000000","0.003135"
"7746","300.000000","0.000000","0.000000","127.000000","0.002822"
"7756","300.000000","0.000000","0.000000","127.000000","0.002539"
"7766","225.000000","0.000000","0.000000","126.600000","-29.997715"
"7776","225.000000","0.000000","0.000000","126.200000","-26.997943"
"7786","225.000000","0.000000","0.000000","125.800000","-24.298149"
"7796","225.000000","0.000000","0.000000","125.400000","-21.868334"
"7806","225.000000","0.000000","0.000000","125.000000","-19.681500"
"7816","225.000000","0.000000","0.000000","124.600000","-17.713350"
"7826","225.000000","0.000000","0.000000","124.200000","-15.942015"
"7836","225.000000","0.000000","0.000000","123.800000","-14.347814"
"7846","225.000000","0.000000","0.000000","123.400000","-12.913032"
"7856","225.000000","0.000000","0.000000","123.000000","-11.621729"
"7866","225.000000","0.000000","0.000000","122.600000","-10.459556"
"7876","225.000000","0.000000","0.000000","122.200000","-9.413601"
"7886","225.000000","0.000000","0.000000","121.800000","-8.472241"
"7896","225.000000","0.000000","0.000000","121.400000","-7.625017"
"7906","225.000000","0.000000","0.000000","121.000000","-6.862515"
"7916","225.000000","0.000000","0.000000","120.600000","-6.176263"
"7926","225.000000","0.000000","0.000000","120.200000","-5.558637"
"7936","225.000000","0.000000","0.000000","119.800000","-5.002773"
"7946","225.000000","0.000000","0.000000","119.400000","-4.502496"
"7956","225.000000","0.000000","0.000000","119.000000","-4.052246"
"7966","225.000000","0.000000","0.000000","118.600000","-3.647022"
"7976","225.000000","0.000000","0.000000","118.200000","-3.282320"
"7986","225.000000","0.000000","0.000000","117.800000","-2.954088"
"7996","225.000000","0.000000","0.000000","117.400000","-2.658679"
"8006","225.000000","0.000000","0.000000","117.000000","-2.392811"
"8016","225.000000","0.000000","0.000000","116.600000","-2.153530"
"8026","225.000000","0.000000","0.000000","116.200000","-1.938177"
"8036","225.000000","0.000000","0.000000","115.800000","-1.744359"
"8046","225.000000","0.000000","0.000000","115.400000","-1.569923"
"8056","225.000000","0.000000","0.000000","115.000000","-1.412931"
"8066","225.000000","0.000000","0.000000","114.600000","-1.271638"
"8076","225.000000","0.000000","0.000000","114.200000","-1.144474"
"8086","225.000000","0.000000","0.000000","113.800000","-1.030027"
"8096","225.000000","0.000000","0.000000","113.400000","-0.927024"
"8106","225.000000","0.000000","0.000000","113.000000","-0.834322"
"8116","225.000000","0.000000","0.000000","112.600000","-0.750889"
"8126","225.000000","0.000000","0.000000","112.200000","-0.675800"
"8136","225.000000","0.000000","0.000000","111.800000","-0.608220"
"8146","225.000000","0.000000","0.000000","111.400000","-0.547398"
"8156","225.000000","0.000000","0.000000","111.000000","-0.492659"
"8166","225.000000","0.000000","0.000000","110.600000","-0.443393"
"8176","225.000000","0.000000","0.000000","110.200000","-0.399053"
"8186","225.000000","0.000000","0.000000","109.800000","-0.359148"
"8196","225.000000","0.000000","0.000000","109.400000","-0.323233"
"8206","225.000000","0.000000","0.000000","109.000000","-0.290910"
"8216","225.000000","0.000000","0.000000","108.600000","-0.261819"
"8226","225.000000","0.000000","0.000000","108.200000","-0.235637"
"8236","225.000000","0.000000","0.000000","107.800000","-0.212073"
"8246","225.000000","0.000000","0.000000","107.400000","-0.190866"
"8256","225.000000","0.000000","0.000000","107.000000","-0.171779"
"8266","225.000000","0.000000","0.000000","106.600000","-0.154601"
"8276","225.000000","0.000000","0.000000","106.200000","-0.139141"
"8286","225.000000","0.000000","0.000000","105.800000","-0.125227"
"8296","225.000000","0.000000","0.000000","105.400000","-0.112704"
"8306","225.000000","0.000000","0.000000","105.000000","-0.101434"
"8316","225.000000","0.000000","0.000000","104.600000","-0.091291"
"8326","225.000000","0.000000","0.000000","104.200000","-0.082162"
"8336","225.000000","0.000000","0.000000","103.800000","-0.073945"
"8346","225.000000","0.000000","0.000000","103.400000","-0.066551"
"8356","225.000000","0.000000","0.000000","103.000000","-0.059896"
"8366","225.000000","0.000000","0.000000","102.600000","-0.053906"
"8376","225.000000","0.000000","0.000000","102.200000","-0.048516"
"8386","225.000000","0.000000","0.000000","101.800000","-0.043664"
"8396","225.000000","0.000000","0.000000","101.400000","-0.039298"
"8406","225.000000","0.000000","0.000000","101.000000","-0.035368"
"8416","225.000000","0.000000","0.000000","100.600000","-0.031831"
"8426","225.000000","0.000000","0.000000","100.200000","-0.028648"
"8436","225.000000","0.000000","0.000000","99.897293","-0.025783"
"8446","225.000000","0.000000","0.000000","99.897563","-0.023205"
"8456","225.000000","0.000000","0.000000","99.897807","-0.020884"
"8466","225.000000","0.000000","0.000000","99.898026","-0.018796"
"8476","225.000000","0.000000","0.000000","99.898224","-0.016916"
"8486","225.000000","0.000000","0.000000","99.898401","-0.015225"
"8496","225.000000","0.000000","0.000000","99.898561","-0.013702"
"8506","225.000000","0.000000","0.000000","99.898705","-0.012332"
"8516","225.000000","0.000000","0.000000","99.898835","-0.011099"
"8526","225.000000","0.000000","0.000000","99.898951","-0.009989"
"8536","225.000000","0.000000","0.000000","99.899056","-0.008990"
"8546","225.000000","0.000000","0.000000","99.899150","-0.008091"
"8556","225.000000","0.000000","0.000000","99.899235","-0.007282"
"8566","225.000000","0.000000","0.000000","99.899312","-0.006554"
"8576","225.000000","0.000000","0.000000","99.899381","-0.005898"
"8586","225.000000","0.000000","0.000000","99.899443","-0.005309"
"8596","225.000000","0.000000","0.000000","99.899498","-0.004778"
"8606","225.000000","0.000000","0.000000","99.899549","-0.004300"
"8616","225.000000","0.000000","0.000000","99.899594","-0.003870"
"8626","225.000000","0.000000","0.000000","99.899634","-0.003483"
"8636","225.000000","0.000000","0.000000","99.899671","-0.003135"
"8646","225.000000","0.000000","0.000000","99.899704","-0.002821"
"8656","225.000000","0.000000","0.000000","99.899733","-0.002539"
"8666","225.000000","0.000000","0.000000","99.899760","-0.002285"
"8676","225.000000","0.000000","0.000000","99.899784","-0.002057"
"8686","225.000000","0.000000","0.000000","99.899806","-0.001851"
"8696","225.000000","0.000000","0.000000","99.899825","-0.001666"
"8706","225.000000","0.000000","0.000000","99.899843","-0.001499"
"8716","225.000000","0.000000","0.000000","99.899858","-0.001349"
"8726","225.000000","0.000000","0.000000","99.899872","-0.001214"
"8736","225.000000","0.000000","0.000000","99.899885","-0.001093"
"8746","225.000000","0.000000","0.000000","99.899897","-0.000984"
"8756","225.000000","0.000000","0.000000","99.899907","-0.000885"
"8766","225.000000","0.000000","0.000000","99.899916","-0.000797"
"8776","225.000000","0.000000","0.000000","99.899925","-0.000717"
"8786","225.000000","0.000000","0.000000","99.899932","-0.000645"
"8796","225.000000","0.000000","0.000000","99.899939","-0.000581"
"8806","225.000000","0.000000","0.000000","99.899945","-0.000523"
"8816","225.000000","0.000000","0.000000","99.899951","-0.000470"
"8826","225.000000","0.000000","0.000000","99.899956","-0.000423"
"8836","225.000000","0.000000","0.000000","99.899960","-0.000381"
"8846","225.000000","0.000000","0.000000","99.899964","-0.000343"
"8856","225.000000","0.000000","0.000000","99.899968","-0.000309"
"8866","225.000000","0.000000","0.000000","99.899971","-0.000278"
"8876","225.000000","0.000000","0.000000","99.899974","-0.000250"
"8886","225.000000","0.000000","0.000000","99.899976","-0.000225"
"8896","225.000000","0.000000","0.000000","99.899979","-0.000203"
"8906","225.000000","0.000000","0.000000","99.899981","-0.000182"
"8916","225.000000","0.000000","0.000000","99.899983","-0.000164"
"8926","225.000000","0.000000","0.000000","99.899984","-0.000148"
"8936","225.000000","0.000000","0.000000","99.899986","-0.000133"
"8946","225.000000","0.000000","0.000000","99.899987","-0.000120"
"8956","225.000000","0.000000","0.000000","99.899989","-0.000108"
"8966","225.000000","0.000000","0.000000","99.899990","-0.000097"
"8976","225.000000","0.000000","0.000000","99.899991","-0.000087"
"8986","225.000000","0.000000","0.000000","99.899992","-0.000078"
"8996","225.000000","0.000000","0.000000","99.899993","-0.000071"
"9006","225.000000","0.000000","0.000000","99.899993","-0.000064"
"9016","225.000000","0.000000","0.000000","99.899994","-0.000057"
"9026","225.000000","0.000000","0.000000","99.899995","-0.000051"
"9036","225.000000","0.000000","0.000000","99.899995","-0.000046"
"9046","225.000000","0.000000","0.000000","99.899996","-0.000042"
"9056","225.000000","0.000000","0.000000","99.899996","-0.000038"
"9066","225.000000","0.000000","0.000000","99.899996","-0.000034"
"9076","225.000000","0.000000","0.000000","99.899997","-0.000030"
"9086","225.000000","0.000000","0.000000","99.899997","-0.000027"
"9096","225.000000","0.000000","0.000000","99.899997","-0.000025"
"9106","225.000000","0.000000","0.000000","99.899998","-0.000022"
"9116","225.000000","0.000000","0.000000","99.899998","-0.000020"
"9126","150.000000","0.000000","0.000000","99.499998","-30.000018"
"9136","150.000000","0.000000","0.000000","99.099998","-27.000016"
"9146","150.000000","0.000000","0.000000","98.699998","-24.300015"
"9156","150.000000","0.000000","0.000000","98.299998","-21.870013"
"9166","150.000000","0.000000","0.000000","97.899998","-19.683012"
"9176","150.000000","0.000000","0.000000","97.499998","-17.714711"
"9186","150.000000","0.000000","0.000000","97.099998","-15.943240"
"9196","150.000000","0.000000","0.000000","96.699998","-14.348916"
"9206","150.000000","0.000000","0.000000","96.299998","-12.914024"
"9216","150.000000","0.000000","0.000000","95.899998","-11.622622"
"9226","150.000000","0.000000","0.000000","95.499998","-10.460359"
"9236","150.000000","0.000000","0.000000","95.099998","-9.414324"
"9246","150.000000","0.000000","0.000000","94.699998","-8.472891"
"9256","150.000000","0.000000","0.000000","94.299998","-7.625602"
"9266","150.000000","0.000000","0.000000","93.899998","-6.863042"
"9276","150.000000","0.000000","0.000000","93.499998","-6.176738"
"9286","150.000000","0.000000","0.000000","93.099998","-5.559064"
"9296","150.000000","0.000000","0.000000","92.699998","-5.003158"
"9306","150.000000","0.000000","0.000000","92.299998","-4.502842"
"9316","150.000000","0.000000","0.000000","91.899998","-4.052558"
"9326","150.000000","0.000000","0.000000","91.499998","-3.647302"
"9336","150.000000","0.000000","0.000000","91.099998","-3.282572"
"9346","150.000000","0.000000","0.000000","90.699998","-2.954314"
"9356","150.000000","0.000000","0.000000","90.299998","-2.658883"
"9366","150.000000","0.000000","0.000000","89.899998","-2.392995"
"9376","150.000000","0.000000","0.000000","89.499998","-2.153695"
"9386","150.000000","0.000000","0.000000","89.099998","-1.938326"
"9396","150.000000","0.000000","0.000000","88.699998","-1.744493"
"9406","150.000000","0.000000","0.000000","88.299998","-1.570044"
"9416","150.000000","0.000000","0.000000","87.899998","-1.413039"
"9426","150.000000","0.000000","0.000000","87.499998","-1.271736"
"9436","150.000000","0.000000","0.000000","87.099998","-1.144562"
"9446","150.000000","0.000000","0.000000","86.699998","-1.030106"
"9456","150.000000","0.000000","0.000000","86.299998","-0.927095"
"9466","150.000000","0.000000","0.000000","85.899998","-0.834386"
"9476","150.000000","0.000000","0.000000","85.499998","-0.750947"
"9486","150.000000","0.000000","0.000000","85.099998","-0.675852"
"9496","150.000000","0.000000","0.000000","84.699998","-0.608267"
"9506","150.000000","0.000000","0.000000","84.299998","-0.547440"
"9516","150.000000","0.000000","0.000000","83.899998","-0.492696"
"9526","150.000000","0.000000","0.000000","83.499998","-0.443427"
"9536","150.000000","0.000000","0.000000","83.099998","-0.399084"
"9546","150.000000","0.000000","0.000000","82.699998","-0.359176"
"9556","150.000000","0.000000","0.000000","82.299998","-0.323258"
"9566","150.000000","0.000000","0.000000","81.899998","-0.290932"
"9576","150.000000","0.000000","0.000000","81.499998","-0.261839"
"9586","150.000000","0.000000","0.000000","81.099998","-0.235655"
"9596","150.000000","0.000000","0.000000","80.699998","-0.212090"
"9606","150.000000","0.000000","0.000000","80.299998","-0.190881"
"9616","150.000000","0.000000","0.000000","79.899998","-0.171793"
"9626","150.000000","0.000000","0.000000","79.499998","-0.154613"
"9636","150.000000","0.000000","0.000000","79.099998","-0.139152"
"9646","150.000000","0.000000","0.000000","78.699998","-0.125237"
"9656","150.000000","0.000000","0.000000","78.299998","-0.112713"
"9666","150.000000","0.000000","0.000000","77.899998","-0.101442"
"9676","150.000000","0.000000","0.000000","77.499998","-0.091298"
"9686","150.000000","0.000000","0.000000","77.099998","-0.082168"
"9696","150.000000","0.000000","0.000000","76.699998","-0.073951"
"9706","150.000000","0.000000","0.000000","76.299998","-0.066556"
"9716","150.000000","0.000000","0.000000","75.899998","-0.059900"
"9726","150.000000","0.000000","0.000000","75.499998","-0.053910"
"9736","150.000000","0.000000","0.000000","75.099998","-0.048519"
"9746","150.000000","0.000000","0.000000","74.699998","-0.043667"
"9756","150.000000","0.000000","0.000000","74.299998","-0.039301"
"9766","150.000000","0.000000","0.000000","73.899998","-0.035371"
"9776","150.000000","0.000000","0.000000","73.499998","-0.031834"
"9786","150.000000","0.000000","0.000000","73.099998","-0.028650"
"9796","150.000000","0.000000","0.000000","72.699998","-0.025785"
"9806","150.000000","0.000000","0.000000","72.299998","-0.023207"
"9816","150.000000","0.000000","0.000000","71.899998","-0.020886"
"9826","150.000000","0.000000","0.000000","71.499998","-0.018797"
"9836","150.000000","0.000000","0.000000","71.099998","-0.016918"
"9846","150.000000","0.000000","0.000000","70.699998","-0.015226"
"9856","150.000000","0.000000","0.000000","70.299998","-0.013703"
"9866","150.000000","0.000000","0.000000","69.899998","-0.012333"
"9876","150.000000","0.000000","0.000000","69.499998","-0.011100"
"9886","150.000000","0.000000","0.000000","69.099998","-0.009990"
"9896","150.000000","0.000000","0.000000","68.699998","-0.008991"
"9906","150.000000","0.000000","0.000000","68.299998","-0.008092"
"9916","150.000000","0.000000","0.000000","67.899998","-0.007282"
"9926","150.000000","0.000000","0.000000","67.499998","-0.006554"
"9936","150.000000","0.000000","0.000000","67.099998","-0.005899"
"9946","150.000000","0.000000","0.000000","66.699998","-0.005309"
"9956","150.000000","0.000000","0.000000","66.599498","-0.004778"
"9966","150.000000","0.000000","0.000000","66.599548","-0.004300"
"9976","150.000000","0.000000","0.000000","66.599594","-0.003870"
"9986","150.000000","0.000000","0.000000","66.599634","-0.003483"
"9996","150.000000","0.000000","0.000000","66.599671","-0.003135"
"10006","150.000000","0.000000","0.000000","66.599704","-0.002821"
"10016","150.000000","0.000000","0.000000","66.599733","-0.002539"
"10026","150.000000","0.000000","0.000000","66.599760","-0.002285"
"10036","150.000000","0.000000","0.000000","66.599784","-0.002057"
"10046","150.000000","0.000000","0.000000","66.599806","-0.001851"
"10056","150.000000","0.000000","0.000000","66.599825","-0.001666"
"10066","150.000000","0.000000","0.000000","66.599843","-0.001499"
"10076","150.000000","0.000000","0.000000","66.599858","-0.001349"
"10086","150.000000","0.000000","0.000000","66.599872","-0.001215"
"10096","150.000000","0.000000","0.000000","66.599885","-0.001093"
"10106","150.000000","0.000000","0.000000","66.599897","-0.000984"
"10116","150.000000","0.000000","0.000000","66.599907","-0.000885"
"10126","150.000000","0.000000","0.000000","66.599916","-0.000797"
"10136","150.000000","0.000000","0.000000","66.599925","-0.000717"
"10146","150.000000","0.000000","0.000000","66.599932","-0.000645"
"10156","150.000000","0.000000","0.000000","66.599939","-0.000581"
"10166","150.000000","0.000000","0.000000","66.599945","-0.000523"
"10176","150.000000","0.000000","0.000000","66.599951","-0.000471"
"10186","150.000000","0.000000","0.000000","66.599956","-0.000423"
"10196","150.000000","0.000000","0.000000","66.599960","-0.000381"
"10206","150.000000","0.000000","0.000000","66.599964","-0.000343"
"10216","150.000000","0.000000","0.000000","66.599968","-0.000309"
"10226","150.000000","0.000000","0.000000","66.599971","-0.000278"
"10236","150.000000","0.000000","0.000000","66.599974","-0.000250"
"10246","150.000000","0.000000","0.000000","66.599976","-0.000225"
"10256","150.000000","0.000000","0.000000","66.599979","-0.000203"
"10266","150.000000","0.000000","0.000000","66.599981","-0.000182"
"10276","150.000000","0.000000","0.000000","66.599983","-0.000164"
"10286","150.000000","0.000000","0.000000","66.599984","-0.000148"
"10296","150.000000","0.000000","0.000000","66.599986","-0.000133"
"10306","150.000000","0.000000","0.000000","66.599987","-0.000120"
"10316","150.000000","0.000000","0.000000","66.599989","-0.000108"
"10326","150.000000","0.000000","0.000000","66.599990","-0.000097"
"10336","150.000000","0.000000","0.000000","66.599991","-0.000087"
"10346","150.000000","0.000000","0.000000","66.599992","-0.000078"
"10356","150.000000","0.000000","0.000000","66.599993","-0.000071"
"10366","150.000000","0.000000","0.000000","66.599993","-0.000064"
"10376","150.000000","0.000000","0.000000","66.599994","-0.000057"
"10386","150.000000","0.000000","0.000000","66.599995","-0.000051"
"10396","150.000000","0.000000","0.000000","66.599995","-0.000046"
"10406","150.000000","0.000000","0.000000","66.599996","-0.000042"
"10416","150.000000","0.000000","0.000000","66.599996","-0.000038"
"10426","150.000000","0.000000","0.000000","66.599996","-0.000034"
"10436","150.000000","0.000000","0.000000","66.599997","-0.000030"
"10446","150.000000","0.000000","0.000000","66.599997","-0.000027"
"10456","150.000000","0.000000","0.000000","66.599997","-0.000025"
"10466","225.000000","0.000000","0.000000","66.999997","29.999978"
"10476","225.000000","0.000000","0.000000","67.399997","26.999980"
"10486","225.000000","0.000000","0.000000","67.799997","24.299982"
"10496","225.000000","0.000000","0.000000","68.199997","21.869984"
"10506","225.000000","0.000000","0.000000","68.599997","19.682985"
"10516","225.000000","0.000000","0.000000","68.999997","17.714687"
"10526","225.000000","0.000000","0.000000","69.399997","15.943218"
"10536","225.000000","0.000000","0.000000","69.799997","14.348896"
"10546","225.000000","0.000000","0.000000","70.199997","12.914007"
"10556","225.000000","0.000000","0.000000","70.599997","11.622606"
"10566","225.000000","0.000000","0.000000","70.999997","10.460345"
"10576","225.000000","0.000000","0.000000","71.399997","9.414311"
"10586","225.000000","0.000000","0.000000","71.799997","8.472880"
"10596","225.000000","0.000000","0.000000","72.199997","7.625592"
"10606","225.000000","0.000000","0.000000","72.599997","6.863033"
"10616","225.000000","0.000000","0.000000","72.999997","6.176729"
"10626","225.000000","0.000000","0.000000","73.399997","5.559056"
"10636","225.000000","0.000000","0.000000","73.799997","5.003151"
"10646","225.000000","0.000000","0.000000","74.199997","4.502836"
"10656","225.000000","0.000000","0.000000","74.599997","4.052552"
"10666","225.000000","0.000000","0.000000","74.999997","3.647297"
"10676","225.000000","0.000000","0.000000","75.399997","3.282567"
"10686","225.000000","0.000000","0.000000","75.799997","2.954311"
"10696","225.000000","0.000000","0.000000","76.199997","2.658879"
"10706","225.000000","0.000000","0.000000","76.599997","2.392992"
"10716","225.000000","0.000000","0.000000","76.999997","2.153692"
"10726","225.000000","0.000000","0.000000","77.399997","1.938323"
"10736","225.000000","0.000000","0.000000","77.799997","1.744491"
"10746","225.000000","0.000000","0.000000","78.199997","1.570042"
"10756","225.000000","0.000000","0.000000","78.599997","1.413038"
"10766","225.000000","0.000000","0.000000","78.999997","1.271734"
"10776","225.000000","0.000000","0.000000","79.399997","1.144560"
"10786","225.000000","0.000000","0.000000","79.799997","1.030104"
"10796","225.000000","0.000000","0.000000","80.199997","0.927094"
"10806","225.000000","0.000000","0.000000","80.599997","0.834385"
"10816","225.000000","0.000000","0.000000","80.999997","0.750946"
"10826","225.000000","0.000000","0.000000","81.399997","0.675851"
"10836","225.000000","0.000000","0.000000","81.799997","0.608266"
"10846","225.000000","0.000000","0.000000","82.199997","0.547440"
"10856","225.000000","0.000000","0.000000","82.599997","0.492696"
"10866","225.000000","0.000000","0.000000","82.999997","0.443426"
"10876","225.000000","0.000000","0.000000","83.399997","0.399084"
"10886","225.000000","0.000000","0.000000","83.799997","0.359175"
"10896","225.000000","0.000000","0.000000","84.199997","0.323258"
"10906","225.000000","0.000000","0.000000","84.599997","0.290932"
"10916","225.000000","0.000000","0.000000","84.999997","0.261839"
"10926","225.000000","0.000000","0.000000","85.399997","0.235655"
"10936","225.000000","0.000000","0.000000","85.799997","0.212089"
"10946","225.000000","0.000000","0.000000","86.199997","0.190880"
"10956","225.000000","0.000000","0.000000","86.599997","0.171792"
"10966","225.000000","0.000000","0.000000","86.999997","0.154613"
"10976","225.000000","0.000000","0.000000","87.399997","0.139152"
"10986","225.000000","0.000000","0.000000","87.799997","0.125237"
"10996","225.000000","0.000000","0.000000","88.199997","0.112713"
"11006","225.000000","0.000000","0.000000","88.599997","0.101442"
"11016","225.000000","0.000000","0.000000","88.999997","0.091298"
"11026","225.000000","0.000000","0.000000","89.399997","0.082168"
"11036","225.000000","0.000000","0.000000","89.799997","0.073951"
"11046","225.000000","0.000000","0.000000","90.199997","0.066556"
"11056","225.000000","0.000000","0.000000","90.599997","0.059900"
"11066","225.000000","0.000000","0.000000","90.999997","0.053910"
"11076","225.000000","0.000000","0.000000","91.399997","0.048519"
"11086","225.000000","0.000000","0.000000","91.799997","0.043667"
"11096","225.000000","0.000000","0.000000","92.199997","0.039301"
"11106","225.000000","0.000000","0.000000","92.599997","0.035371"
"11116","225.000000","0.000000","0.000000","92.999997","0.031833"
"11126","225.000000","0.000000","0.000000","93.399997","0.028650"
"11136","225.000000","0.000000","0.000000","93.799997","0.025785"
"11146","225.000000","0.000000","0.000000","94.199997","0.023207"
"11156","225.000000","0.000000","0.000000","94.599997","0.020886"
"11166","225.000000","0.000000","0.000000","94.999997","0.018797"
"11176","225.000000","0.000000","0.000000","95.399997","0.016918"
"11186","225.000000","0.000000","0.000000","95.799997","0.015226"
"11196","225.000000","0.000000","0.000000","96.199997","0.013703"
"11206","225.000000","0.000000","0.000000","96.599997","0.012333"
"11216","225.000000","0.000000","0.000000","96.999997","0.011100"
"11226","300.000000","0.000000","0.000000","97.399997","30.009990"
"11236","300.000000","0.000000","0.000000","97.799997","27.008991"
"11246","300.000000","0.000000","0.000000","98.199997","24.308092"
"11256","300.000000","0.000000","0.000000","98.599997","21.877282"
"11266","300.000000","0.000000","0.000000","98.999997","19.689554"
"11276","300.000000","0.000000","0.000000","99.399997","17.720599"
"11286","300.000000","0.000000","0.000000","99.799997","15.948539"
"11296","300.000000","0.000000","0.000000","100.199997","14.353685"
"11306","300.000000","0.000000","0.000000","100.599997","12.918317"
"11316","300.000000","0.000000","0.000000","100.999997","11.626485"
"11326","300.000000","0.000000","0.000000","101.399997","10.463836"
"11336","300.000000","0.000000","0.000000","101.799997","9.417453"
"11346","300.000000","0.000000","0.000000","102.199997","8.475707"
"11356","300.000000","0.000000","0.000000","102.599997","7.628137"
"11366","300.000000","0.000000","0.000000","102.999997","6.865323"
"11376","300.000000","0.000000","0.000000","103.399997","6.178791"
"11386","300.000000","0.000000","0.000000","103.799997","5.560912"
"11396","300.000000","0.000000","0.000000","104.199997","5.004821"
"11406","300.000000","0.000000","0.000000","104.599997","4.504338"
"11416","300.000000","0.000000","0.000000","104.999997","4.053905"
"11426","300.000000","0.000000","0.000000","105.399997","3.648514"
"11436","300.000000","0.000000","0.000000","105.799997","3.283663"
"11446","300.000000","0.000000","0.000000","106.199997","2.955296"
"11456","300.000000","0.000000","0.000000","106.599997","2.659767"
"11466","300.000000","0.000000","0.000000","106.999997","2.393790"
"11476","300.000000","0.000000","0.000000","107.399997","2.154411"
"11486","300.000000","0.000000","0.000000","107.799997","1.938970"
"11496","300.000000","0.000000","0.000000","108.199997","1.745073"
"11506","300.000000","0.000000","0.000000","108.599997","1.570566"
"11516","300.000000","0.000000","0.000000","108.999997","1.413509"
"11526","300.000000","0.000000","0.000000","109.399997","1.272158"
"11536","300.000000","0.000000","0.000000","109.799997","1.144942"
"11546","300.000000","0.000000","0.000000","110.199997","1.030448"
"11556","300.000000","0.000000","0.000000","110.599997","0.927403"
"11566","300.000000","0.000000","0.000000","110.999997","0.834663"
"11576","300.000000","0.000000","0.000000","111.399997","0.751197"
"11586","300.000000","0.000000","0.000000","111.799997","0.676077"
"11596","300.000000","0.000000","0.000000","112.199997","0.608469"
"11606","300.000000","0.000000","0.000000","112.599997","0.547622"
"11616","300.000000","0.000000","0.000000","112.999997","0.492860"
"11626","300.000000","0.000000","0.000000","113.399997","0.443574"
"11636","300.000000","0.000000","0.000000","113.799997","0.399217"
"11646","300.000000","0.000000","0.000000","114.199997","0.359295"
"11656","300.000000","0.000000","0.000000","114.599997","0.323366"
"11666","300.000000","0.000000","0.000000","114.999997","0.291029"
"11676","300.000000","0.000000","0.000000","115.399997","0.261926"
"11686","300.000000","0.000000","0.000000","115.799997","0.235733"
"11696","300.000000","0.000000","0.000000","116.199997","0.212160"
"11706","300.000000","0.000000","0.000000","116.599997","0.190944"
"11716","300.000000","0.000000","0.000000","116.999997","0.171850"
"11726","300.000000","0.000000","0.000000","117.399997","0.154665"
"11736","300.000000","0.000000","0.000000","117.799997","0.139198"
"11746","300.000000","0.000000","0.000000","118.199997","0.125278"
"11756","300.000000","0.000000","0.000000","118.599997","0.112751"
"11766","300.000000","0.000000","0.000000","118.999997","0.101476"
"11776","300.000000","0.000000","0.000000","119.399997","0.091328"
"11786","300.000000","0.000000","0.000000","119.799997","0.082195"
"11796","300.000000","0.000000","0.000000","120.199997","0.073976"
"11806","300.000000","0.000000","0.000000","120.599997","0.066578"
"11816","300.000000","0.000000","0.000000","120.999997","0.059920"
"11826","375.000000","0.000000","0.000000","121.399997","30.053928"
"11836","375.000000","0.000000","0.000000","121.799997","27.048535"
"11846","375.000000","0.000000","0.000000","122.199997","24.343682"
"11856","375.000000","0.000000","0.000000","122.599997","21.909314"
"11866","375.000000","0.000000","0.000000","122.999997","19.718382"
"11876","375.000000","0.000000","0.000000","123.399997","17.746544"
"11886","375.000000","0.000000","0.000000","123.799997","15.971890"
"11896","375.000000","0.000000","0.000000","124.199997","14.374701"
"11906","375.000000","0.000000","0.000000","124.599997","12.937231"
"11916","375.000000","0.000000","0.000000","124.999997","11.643508"
"11926","375.000000","0.000000","0.000000","125.399997","10.479157"
"11936","375.000000","0.000000","0.000000","125.799997","9.431241"
"11946","375.000000","0.000000","0.000000","126.199997","8.488117"
"11956","375.000000","0.000000","0.000000","126.599997","7.639305"
"11966","375.000000","0.000000","0.000000","126.999997","6.875375"
"11976","375.000000","0.000000","0.000000","127.000000","6.187837"
"11986","375.000000","0.000000","0.000000","127.000000","5.569054"
"11996","375.000000","0.000000","0.000000","127.000000","5.012148"
"12006","375.000000","0.000000","0.000000","127.000000","4.510933"
"12016","375.000000","0.000000","0.000000","127.000000","4.059840"
"12026","375.000000","0.000000","0.000000","127.000000","3.653856"
"12036","375.000000","0.000000","0.000000","127.000000","3.288470"
"12046","375.000000","0.000000","0.000000","127.000000","2.959623"
"12056","375.000000","0.000000","0.000000","127.000000","2.663661"
"12066","375.000000","0.000000","0.000000","127.000000","2.397295"
"12076","375.000000","0.000000","0.000000","127.000000","2.157565"
"12086","375.000000","0.000000","0.000000","127.000000","1.941809"
"12096","375.000000","0.000000","0.000000","127.000000","1.747628"
"12106","375.000000","0.000000","0.000000","127.000000","1.572865"
"12116","375.000000","0.000000","0.000000","127.000000","1.415579"
"12126","375.000000","0.000000","0.000000","127.000000","1.274021"
"12136","375.000000","0.000000","0.000000","127.000000","1.146619"
"12146","375.000000","0.000000","0.000000","127.000000","1.031957"
"12156","375.000000","0.000000","0.000000","127.000000","0.928761"
"12166","375.000000","0.000000","0.000000","127.000000","0.835885"
"12176","375.000000","0.000000","0.000000","127.000000","0.752297"
"12186","375.000000","0.000000","0.000000","127.000000","0.677067"
"12196","375.000000","0.000000","0.000000","127.000000","0.609360"
"12206","375.000000","0.000000","0.000000","127.000000","0.548424"
"12216","375.000000","0.000000","0.000000","127.000000","0.493582"
"12226","450.000000","0.000000","0.000000","127.000000","30.444224"
"12236","450.000000","0.000000","0.000000","127.000000","27.399801"
"12246","450.000000","0.000000","0.000000","127.000000","24.659821"
"12256","450.000000","0.000000","0.000000","127.000000","22.193839"
"12266","450.000000","0.000000","0.000000","127.000000","19.974455"
"12276","450.000000","0.000000","0.000000","127.000000","17.977010"
"12286","450.000000","0.000000","0.000000","127.000000","16.179309"
"12296","450.000000","0.000000","0.000000","127.000000","14.561378"
"12306","450.000000","0.000000","0.000000","127.000000","13.105240"
"12316","450.000000","0.000000","0.000000","127.000000","11.794716"
"12326","450.000000","0.000000","0.000000","127.000000","10.615244"
"12336","450.000000","0.000000","0.000000","127.000000","9.553720"
"12346","450.000000","0.000000","0.000000","127.000000","8.598348"
"12356","450.000000","0.000000","0.000000","127.000000","7.738513"
"12366","450.000000","0.000000","0.000000","127.000000","6.964662"
"12376","450.000000","0.000000","0.000000","127.000000","6.268196"
"12386","450.000000","0.000000","0.000000","127.000000","5.641376"
"12396","450.000000","0.000000","0.000000","127.000000","5.077238"
"12406","450.000000","0.000000","0.000000","127.000000","4.569515"
"12416","450.000000","0.000000","0.000000","127.000000","4.112563"
"12426","450.000000","0.000000","0.000000","127.000000","3.701307"
"12436","450.000000","0.000000","0.000000","127.000000","3.331176"
"12446","450.000000","0.000000","0.000000","127.000000","2.998059"
"12456","450.000000","0.000000","0.000000","127.000000","2.698253"
"12466","525.000000","0.000000","0.000000","127.000000","32.428427"
"12476","525.000000","0.000000","0.000000","127.000000","29.185585"
"12486","525.000000","0.000000","0.000000","127.000000","26.267026"
"12496","525.000000","0.000000","0.000000","127.000000","23.640324"
"12506","525.000000","0.000000","0.000000","127.000000","21.276291"
"12516","525.000000","0.000000","0.000000","127.000000","19.148662"
"12526","525.000000","0.000000","0.000000","127.000000","17.233796"
"12536","525.000000","0.000000","0.000000","127.000000","15.510416"
"12546","525.000000","0.000000","0.000000","127.000000","13.959375"
"12556","525.000000","0.000000","0.000000","127.000000","12.563437"
"12566","525.000000","0.000000","0.000000","127.000000","11.307093"
"12576","525.000000","0.000000","0.000000","127.000000","10.176384"
"12586","525.000000","0.000000","0.000000","127.000000","9.158746"
"12596","525.000000","0.000000","0.000000","127.000000","8.242871"
"12606","525.000000","0.000000","0.000000","127.000000","7.418584"
"12616","525.000000","0.000000","0.000000","127.000000","6.676726"
"12626","525.000000","0.000000","0.000000","127.000000","6.009053"
"12636","525.000000","0.000000","0.000000","127.000000","5.408148"
"12646","525.000000","0.000000","0.000000","127.000000","4.867333"
"12656","525.000000","0.000000","0.000000","127.000000","4.380600"
"12666","525.000000","0.000000","0.000000","127.000000","3.942540"
"12676","525.000000","0.000000","0.000000","127.000000","3.548286"
"12686","525.000000","0.000000","0.000000","127.000000","3.193457"
"12696","525.000000","0.000000","0.000000","127.000000","2.874111"
"12706","525.000000","0.000000","0.000000","127.000000","2.586700"
"12716","525.000000","0.000000","0.000000","127.000000","2.328030"
"12726","525.000000","0.000000","0.000000","127.000000","2.095227"
"12736","525.000000","0.000000","0.000000","127.000000","1.885705"
"12746","525.000000","0.000000","0.000000","127.000000","1.697134"
"12756","525.000000","0.000000","0.000000","127.000000","1.527421"
"12766","525.000000","0.000000","0.000000","127.000000","1.374679"
"12776","525.000000","0.000000","0.000000","127.000000","1.237211"
"12786","525.000000","0.000000","0.000000","127.000000","1.113490"
"12796","525.000000","0.000000","0.000000","127.000000","1.002141"
"12806","525.000000","0.000000","0.000000","127.000000","0.901927"
"12816","525.000000","0.000000","0.000000","127.000000","0.811734"
"12826","525.000000","0.000000","0.000000","127.000000","0.730561"
"12836","525.000000","0.000000","0.000000","127.000000","0.657505"
"12846","525.000000","0.000000","0.000000","127.000000","0.591754"
"12856","525.000000","0.000000","0.000000","127.000000","0.532579"
"12866","525.000000","0.000000","0.000000","127.000000","0.479321"
"12876","525.000000","0.000000","0.000000","127.000000","0.431389"
"12886","525.000000","0.000000","0.000000","127.000000","0.388250"
"12896","525.000000","0.000000","0.000000","127.000000","0.349425"
"12906","525.000000","0.000000","0.000000","127.000000","0.314482"
"12916","525.000000","0.000000","0.000000","127.000000","0.283034"
"12926","600.000000","0.000000","0.000000","127.000000","30.254731"
"12936","600.000000","0.000000","0.000000","127.000000","27.229258"
"12946","600.000000","0.000000","0.000000","127.000000","24.506332"
"12956","600.000000","0.000000","0.000000","127.000000","22.055699"
"12966","600.000000","0.000000","0.000000","127.000000","19.850129"
"12976","600.000000","0.000000","0.000000","127.000000","17.865116"
"12986","600.000000","0.000000","0.000000","127.000000","16.078604"
"12996","600.000000","0.000000","0.000000","127.000000","14.470744"
"13006","600.000000","0.000000","0.000000","127.000000","13.023670"
"13016","600.000000","0.000000","0.000000","127.000000","11.721303"
"13026","600.000000","0.000000","0.000000","127.000000","10.549172"
"13036","600.000000","0.000000","0.000000","127.000000","9.494255"
"13046","600.000000","0.000000","0.000000","127.000000","8.544830"
"13056","600.000000","0.000000","0.000000","127.000000","7.690347"
"13066","600.000000","0.000000","0.000000","127.000000","6.921312"
"13076","600.000000","0.000000","0.000000","127.000000","6.229181"
"13086","600.000000","0.000000","0.000000","127.000000","5.606263"
"13096","600.000000","0.000000","0.000000","127.000000","5.045636"
"13106","600.000000","0.000000","0.000000","127.000000","4.541073"
"13116","600.000000","0.000000","0.000000","127.000000","4.086965"
"13126","600.000000","0.000000","0.000000","127.000000","3.678269"
"13136","600.000000","0.000000","0.000000","127.000000","3.310442"
"13146","600.000000","0.000000","0.000000","127.000000","2.979398"
"13156","600.000000","0.000000","0.000000","127.000000","2.681458"
"13166","600.000000","0.000000","0.000000","127.000000","2.413312"
"13176","600.000000","0.000000","0.000000","127.000000","2.171981"
"13186","600.000000","0.000000","0.000000","127.000000","1.954783"
"13196","600.000000","0.000000","0.000000","127.000000","1.759305"
"13206","600.000000","0.000000","0.000000","127.000000","1.583374"
"13216","600.000000","0.000000","0.000000","127.000000","1.425037"
"13226","600.000000","0.000000","0.000000","127.000000","1.282533"
"13236","600.000000","0.000000","0.000000","127.000000","1.154280"
"13246","600.000000","0.000000","0.000000","127.000000","1.038852"
"13256","600.000000","0.000000","0.000000","127.000000","0.934967"
"13266","600.000000","0.000000","0.000000","127.000000","0.841470"
"13276","600.000000","0.000000","0.000000","127.000000","0.757323"
"13286","600.000000","0.000000","0.000000","127.000000","0.681591"
"13296","600.000000","0.000000","0.000000","127.000000","0.613432"
"13306","600.000000","0.000000","0.000000","127.000000","0.552088"
"13316","600.000000","0.000000","0.000000","127.000000","0.496880"
"13326","600.000000","0.000000","0.000000","127.000000","0.447192"
"13336","600.000000","0.000000","0.000000","127.000000","0.402472"
"13346","600.000000","0.000000","0.000000","127.000000","0.362225"
"13356","600.000000","0.000000","0.000000","127.000000","0.326003"
"13366","600.000000","0.000000","0.000000","127.000000","0.293402"
"13376","600.000000","0.000000","0.000000","127.000000","0.264062"
"13386","600.000000","0.000000","0.000000","127.000000","0.237656"
"13396","600.000000","0.000000","0.000000","127.000000","0.213890"
"13406","600.000000","0.000000","0.000000","127.000000","0.192501"
"13416","600.000000","0.000000","0.000000","127.000000","0.173251"
"13426","600.000000","0.000000","0.000000","127.000000","0.155926"
"13436","600.000000","0.000000","0.000000","127.000000","0.140333"
"13446","600.000000","0.000000","0.000000","127.000000","0.126300"
"13456","600.000000","0.000000","0.000000","127.000000","0.113670"
"13466","600.000000","0.000000","0.000000","127.000000","0.102303"
"13476","600.000000","0.000000","0.000000","127.000000","0.092073"
"13486","600.000000","0.000000","0.000000","127.000000","0.082866"
"13496","600.000000","0.000000","0.000000","127.000000","0.074579"
"13506","600.000000","0.000000","0.000000","127.000000","0.067121"
"13516","600.000000","0.000000","0.000000","127.000000","0.060409"
"13526","600.000000","0.000000","0.000000","127.000000","0.054368"
"13536","600.000000","0.000000","0.000000","127.000000","0.048931"
"13546","600.000000","0.000000","0.000000","127.000000","0.044038"
"13556","600.000000","0.000000","0.000000","127.000000","0.039634"
"13566","600.000000","0.000000","0.000000","127.000000","0.035671"
"13576","600.000000","0.000000","0.000000","127.000000","0.032104"
"13586","600.000000","0.000000","0.000000","127.000000","0.028893"
"13596","600.000000","0.000000","0.000000","127.000000","0.026004"
"13606","600.000000","0.000000","0.000000","127.000000","0.023404"
"13616","600.000000","0.000000","0.000000","127.000000","0.021063"
"13626","600.000000","0.000000","0.000000","127.000000","0.018957"
"13636","600.000000","0.000000","0.000000","127.000000","0.017061"
"13646","600.000000","0.000000","0.000000","127.000000","0.015355"
"13656","600.000000","0.000000","0.000000","127.000000","0.013820"
"13666","600.000000","0.000000","0.000000","127.000000","0.012438"
"13676","600.000000","0.000000","0.000000","127.000000","0.011194"
"13686","600.000000","0.000000","0.000000","127.000000","0.010075"
"13696","600.000000","0.000000","0.000000","127.000000","0.009067"
"13706","600.000000","0.000000","0.000000","127.000000","0.008160"
"13716","600.000000","0.000000","0.000000","127.000000","0.007344"
"13726","600.000000","0.000000","0.000000","127.000000","0.006610"
"13736","600.000000","0.000000","0.000000","127.000000","0.005949"
"13746","600.000000","0.000000","0.000000","127.000000","0.005354"
"13756","600.000000","0.000000","0.000000","127.000000","0.004819"
"13766","600.000000","0.000000","0.000000","127.000000","0.004337"
"13776","600.000000","0.000000","0.000000","127.000000","0.003903"
"13786","600.000000","0.000000","0.000000","127.000000","0.003513"
"13796","600.000000","0.000000","0.000000","127.000000","0.003161"
"13806","600.000000","0.000000","0.000000","127.000000","0.002845"
"13816","600.000000","0.000000","0.000000","127.000000","0.002561"
"13826","600.000000","0.000000","0.000000","127.000000","0.002305"
"13836","600.000000","0.000000","0.000000","127.000000","0.002074"
"13846","600.000000","0.000000","0.000000","127.000000","0.001867"
"13856","600.000000","0.000000","0.000000","127.000000","0.001680"
"13866","600.000000","0.000000","0.000000","127.000000","0.001512"
"13876","600.000000","0.000000","0.000000","127.000000","0.001361"
"13886","600.000000","0.000000","0.000000","127.000000","0.001225"
"13896","600.000000","0.000000","0.000000","127.000000","0.001102"
"13906","600.000000","0.000000","0.000000","127.000000","0.000992"
"13916","600.000000","0.000000","0.000000","127.000000","0.000893"
"13926","600.000000","0.000000","0.000000","127.000000","0.000804"
"13936","600.000000","0.000000","0.000000","127.000000","0.000723"
"13946","600.000000","0.000000","0.000000","127.000000","0.000651"
"13956","600.000000","0.000000","0.000000","127.000000","0.000586"
"13966","600.000000","0.000000","0.000000","127.000000","0.000527"
"13976","600.000000","0.000000","0.000000","127.000000","0.000475"
"13986","600.000000","0.000000","0.000000","127.000000","0.000427"
"13996","600.000000","0.000000","0.000000","127.000000","0.000384"
"14006","600.000000","0.000000","0.000000","127.000000","0.000346"
"14016","600.000000","0.000000","0.000000","127.000000","0.000311"
"14026","600.000000","0.000000","0.000000","127.000000","0.000280"
"14036","600.000000","0.000000","0.000000","127.000000","0.000252"
"14046","600.000000","0.000000","0.000000","127.000000","0.000227"
"14056","600.000000","0.000000","0.000000","127.000000","0.000204"
"14066","600.000000","0.000000","0.000000","127.000000","0.000184"
"14076","600.000000","0.000000","0.000000","127.000000","0.000165"
"14086","600.000000","0.000000","0.000000","127.000000","0.000149"
"14096","600.000000","0.000000","0.000000","127.000000","0.000134"
"14106","600.000000","0.000000","0.000000","127.000000","0.000121"
"14116","600.000000","0.000000","0.000000","127.000000","0.000109"
"14126","600.000000","0.000000","0.000000","127.000000","0.000098"
"14136","600.000000","0.000000","0.000000","127.000000","0.000088"
"14146","600.000000","0.000000","0.000000","127.000000","0.000079"
"14156","600.000000","0.000000","0.000000","127.000000","0.000071"
"14166","600.000000","0.000000","0.000000","127.000000","0.000064"
"14176","600.000000","0.000000","0.000000","127.000000","0.000058"
"14186","600.000000","0.000000","0.000000","127.000000","0.000052"
"14196","600.000000","0.000000","0.000000","127.000000","0.000047"
"14206","600.000000","0.000000","0.000000","127.000000","0.000042"
"14216","600.000000","0.000000","0.000000","127.000000","0.000038"
"14226","600.000000","0.000000","0.000000","127.000000","0.000034"
"14236","600.000000","0.000000","0.000000","127.000000","0.000031"
"14246","600.000000","0.000000","0.000000","127.000000","0.000028"
"14256","600.000000","0.000000","0.000000","127.000000","0.000025"
"14266","600.000000","0.000000","0.000000","127.000000","0.000022"
"14276","600.000000","0.000000","0.000000","127.000000","0.000020"
"14286","600.000000","0.000000","0.000000","127.000000","0.000018"
"14296","600.000000","0.000000","0.000000","127.000000","0.000016"
"14306","600.000000","0.000000","0.000000","127.000000","0.000015"
"14316","600.000000","0.000000","0.000000","127.000000","0.000013"
"14326","600.000000","0.000000","0.000000","127.000000","0.000012"
"14336","600.000000","0.000000","0.000000","127.000000","0.000011"
"14346","600.000000","0.000000","0.000000","127.000000","0.000010"
"14356","600.000000","0.000000","0.000000","127.000000","0.000009"
"14366","600.000000","0.000000","0.000000","127.000000","0.000008"
"14376","600.000000","0.000000","0.000000","127.000000","0.000007"
"14386","600.000000","0.000000","0.000000","127.000000","0.000006"
"14396","600.000000","0.000000","0.000000","127.000000","0.000006"
"14406","600.000000","0.000000","0.000000","127.000000","0.000005"
"14416","600.000000","0.000000","0.000000","127.000000","0.000005"
"14426","600.000000","0.000000","0.000000","127.000000","0.000004"
"14436","600.000000","0.000000","0.000000","127.000000","0.000004"
"14446","600.000000","0.000000","0.000000","127.000000","0.000003"
"14456","600.000000","0.000000","0.000000","127.000000","0.000003"
"14466","600.000000","0.000000","0.000000","127.000000","0.000003"
"14476","600.000000","0.000000","0.000000","127.000000","0.000002"
"14486","600.000000","0.000000","0.000000","127.000000","0.000002"
"14496","600.000000","0.000000","0.000000","127.000000","0.000002"
"14506","600.000000","0.000000","0.000000","127.000000","0.000002"
"14516","600.000000","0.000000","0.000000","127.000000","0.000002"
"14526","600.000000","0.000000","0.000000","127.000000","0.000001"WARNING - pros.serial.terminal.terminal:stop - Stopping terminal
