"Time","Target/4","Rpm/4","Accel(m/s)","Power","D"
"1236","0.000000","0.000000","0.000000","0.000000","0.000000"
"1246","0.000000","0.000000","0.000000","0.000000","0.000000"
"1256","0.000000","0.000000","0.000000","0.000000","0.000000"
"1266","0.000000","0.000000","0.000000","0.000000","0.000000"
"1276","0.000000","0.000000","0.000000","0.000000","0.000000"
"1286","0.000000","0.000000","0.000000","0.000000","0.000000"
"1296","0.000000","0.000000","0.000000","0.000000","0.000000"
"1306","0.000000","0.000000","0.000000","0.000000","0.000000"
"1316","0.000000","0.000000","0.000000","0.000000","0.000000"
"1326","0.000000","0.000000","0.000000","0.000000","0.000000"
"1336","0.000000","0.000000","0.000000","0.000000","0.000000"
"1346","0.000000","0.000000","0.000000","0.000000","0.000000"
"1356","0.000000","0.000000","0.000000","0.000000","0.000000"
"1366","0.000000","0.000000","0.000000","0.000000","0.000000"
"1376","0.000000","0.000000","0.000000","0.000000","0.000000"
"1386","0.000000","0.000000","0.000000","0.000000","0.000000"
"1396","0.000000","0.000000","0.000000","0.000000","0.000000"
"1406","0.000000","0.000000","0.000000","0.000000","0.000000"
"1416","0.000000","0.000000","0.000000","0.000000","0.000000"
"1426","0.000000","0.000000","0.000000","0.000000","0.000000"
"1436","0.000000","0.000000","0.000000","0.000000","0.000000"
"1446","0.000000","0.000000","0.000000","0.000000","0.000000"
"1456","0.000000","0.000000","0.000000","0.000000","0.000000"
"1466","0.000000","0.000000","0.000000","0.000000","0.000000"
"1476","0.000000","0.000000","0.000000","0.000000","0.000000"
"1486","0.000000","0.000000","0.000000","0.000000","0.000000"
"1496","0.000000","0.000000","0.000000","0.000000","0.000000"
"1506","0.000000","0.000000","0.000000","0.000000","0.000000"
"1516","0.000000","0.000000","0.000000","0.000000","0.000000"
"1526","0.000000","0.000000","0.000000","0.000000","0.000000"
"1536","0.000000","0.000000","0.000000","0.000000","0.000000"
"1546","0.000000","0.000000","0.000000","0.000000","0.000000"
"1556","0.000000","0.000000","0.000000","0.000000","0.000000"
"1566","0.000000","0.000000","0.000000","0.000000","0.000000"
"1576","0.000000","0.000000","0.000000","0.000000","0.000000"
"1586","0.000000","0.000000","0.000000","0.000000","0.000000"
"1596","0.000000","0.000000","0.000000","0.000000","0.000000"
"1606","0.000000","0.000000","0.000000","0.000000","0.000000"
"1616","0.000000","0.000000","0.000000","0.000000","0.000000"
"1626","0.000000","0.000000","0.000000","0.000000","0.000000"
"1636","0.000000","0.000000","0.000000","0.000000","0.000000"
"1646","0.000000","0.000000","0.000000","0.000000","0.000000"
"1656","0.000000","0.000000","0.000000","0.000000","0.000000"
"1666","0.000000","0.000000","0.000000","0.000000","0.000000"
"1676","0.000000","0.000000","0.000000","0.000000","0.000000"
"1686","0.000000","0.000000","0.000000","0.000000","0.000000"
"1696","0.000000","0.000000","0.000000","0.000000","0.000000"
"1706","0.000000","0.000000","0.000000","0.000000","0.000000"
"1716","0.000000","0.000000","0.000000","0.000000","0.000000"
"1726","0.000000","0.000000","0.000000","0.000000","0.000000"
"1736","0.000000","0.000000","0.000000","0.000000","0.000000"
"1746","0.000000","0.000000","0.000000","0.000000","0.000000"
"1756","0.000000","0.000000","0.000000","0.000000","0.000000"
"1766","0.000000","0.000000","0.000000","0.000000","0.000000"
"1776","0.000000","0.000000","0.000000","0.000000","0.000000"
"1786","0.000000","0.000000","0.000000","0.000000","0.000000"
"1796","0.000000","0.000000","0.000000","0.000000","0.000000"
"1806","0.000000","0.000000","0.000000","0.000000","0.000000"
"1816","0.000000","0.000000","0.000000","0.000000","0.000000"
"1826","0.000000","0.000000","0.000000","0.000000","0.000000"
"1836","0.000000","0.000000","0.000000","0.000000","0.000000"
"1846","0.000000","0.000000","0.000000","0.000000","0.000000"
"1856","0.000000","0.000000","0.000000","0.000000","0.000000"
"1866","0.000000","0.000000","0.000000","0.000000","0.000000"
"1876","0.000000","0.000000","0.000000","0.000000","0.000000"
"1886","0.000000","0.000000","0.000000","0.000000","0.000000"
"1896","0.000000","0.000000","0.000000","0.000000","0.000000"
"1906","0.000000","0.000000","0.000000","0.000000","0.000000"
"1916","0.000000","0.000000","0.000000","0.000000","0.000000"
"1926","0.000000","0.000000","0.000000","0.000000","0.000000"
"1936","0.000000","0.000000","0.000000","0.000000","0.000000"
"1946","0.000000","0.000000","0.000000","0.000000","0.000000"
"1956","0.000000","0.000000","0.000000","0.000000","0.000000"
"1966","0.000000","0.000000","0.000000","0.000000","0.000000"
"1976","0.000000","0.000000","0.000000","0.000000","0.000000"
"1986","0.000000","0.000000","0.000000","0.000000","0.000000"
"1996","0.000000","0.000000","0.000000","0.000000","0.000000"
"2006","0.000000","0.000000","0.000000","0.000000","0.000000"
"2016","0.000000","0.000000","0.000000","0.000000","0.000000"
"2026","0.000000","0.000000","0.000000","0.000000","0.000000"
"2036","0.000000","0.000000","0.000000","0.000000","0.000000"
"2046","0.000000","0.000000","0.000000","0.000000","0.000000"
"2056","0.000000","0.000000","0.000000","0.000000","0.000000"
"2066","0.000000","0.000000","0.000000","0.000000","0.000000"
"2076","0.000000","0.000000","0.000000","0.000000","0.000000"
"2086","0.000000","0.000000","0.000000","0.000000","0.000000"
"2096","0.000000","0.000000","0.000000","0.000000","0.000000"
"2106","0.000000","0.000000","0.000000","0.000000","0.000000"
"2116","0.000000","0.000000","0.000000","0.000000","0.000000"
"2126","0.000000","0.000000","0.000000","0.000000","0.000000"
"2136","0.000000","0.000000","0.000000","0.000000","0.000000"
"2146","0.000000","0.000000","0.000000","0.000000","0.000000"
"2156","0.000000","0.000000","0.000000","0.000000","0.000000"
"2166","0.000000","0.000000","0.000000","0.000000","0.000000"
"2176","0.000000","0.000000","0.000000","0.000000","0.000000"
"2186","0.000000","0.000000","0.000000","0.000000","0.000000"
"2196","0.000000","0.000000","0.000000","0.000000","0.000000"
"2206","0.000000","0.000000","0.000000","0.000000","0.000000"
"2216","0.000000","0.000000","0.000000","0.000000","0.000000"
"2226","0.000000","0.000000","0.000000","0.000000","0.000000"
"2236","0.000000","0.000000","0.000000","0.000000","0.000000"
"2246","0.000000","0.000000","0.000000","0.000000","0.000000"
"2256","0.000000","0.000000","0.000000","0.000000","0.000000"
"2266","0.000000","0.000000","0.000000","0.000000","0.000000"
"2276","0.000000","0.000000","0.000000","0.000000","0.000000"
"2286","0.000000","0.000000","0.000000","0.000000","0.000000"
"2296","0.000000","0.000000","0.000000","0.000000","0.000000"
"2306","0.000000","0.000000","0.000000","0.000000","0.000000"
"2316","0.000000","0.000000","0.000000","0.000000","0.000000"
"2326","0.000000","0.000000","0.000000","0.000000","0.000000"
"2336","0.000000","0.000000","0.000000","0.000000","0.000000"
"2346","0.000000","0.000000","0.000000","0.000000","0.000000"
"2356","0.000000","0.000000","0.000000","0.000000","0.000000"
"2366","0.000000","0.000000","0.000000","0.000000","0.000000"
"2376","0.000000","0.000000","0.000000","0.000000","0.000000"
"2386","0.000000","0.000000","0.000000","0.000000","0.000000"
"2396","0.000000","0.000000","0.000000","0.000000","0.000000"
"2406","0.000000","0.000000","0.000000","0.000000","0.000000"
"2416","0.000000","0.000000","0.000000","0.000000","0.000000"
"2426","0.000000","0.000000","0.000000","0.000000","0.000000"
"2436","0.000000","0.000000","0.000000","0.000000","0.000000"
"2446","0.000000","0.000000","0.000000","0.000000","0.000000"
"2456","0.000000","0.000000","0.000000","0.000000","0.000000"
"2466","0.000000","0.000000","0.000000","0.000000","0.000000"
"2476","0.000000","0.000000","0.000000","0.000000","0.000000"
"2486","0.000000","0.000000","0.000000","0.000000","0.000000"
"2496","0.000000","0.000000","0.000000","0.000000","0.000000"
"2506","0.000000","0.000000","0.000000","0.000000","0.000000"
"2516","0.000000","0.000000","0.000000","0.000000","0.000000"
"2526","0.000000","0.000000","0.000000","0.000000","0.000000"
"2536","0.000000","0.000000","0.000000","0.000000","0.000000"
"2546","0.000000","0.000000","0.000000","0.000000","0.000000"
"2556","0.000000","0.000000","0.000000","0.000000","0.000000"
"2566","0.000000","0.000000","0.000000","0.000000","0.000000"
"2576","0.000000","0.000000","0.000000","0.000000","0.000000"
"2586","0.000000","0.000000","0.000000","0.000000","0.000000"
"2596","0.000000","0.000000","0.000000","0.000000","0.000000"
"2606","0.000000","0.000000","0.000000","0.000000","0.000000"
"2616","0.000000","0.000000","0.000000","0.000000","0.000000"
"2626","0.000000","0.000000","0.000000","0.000000","0.000000"
"2636","0.000000","0.000000","0.000000","0.000000","0.000000"
"2646","0.000000","0.000000","0.000000","0.000000","0.000000"
"2656","0.000000","0.000000","0.000000","0.000000","0.000000"
"2666","0.000000","0.000000","0.000000","0.000000","0.000000"
"2676","0.000000","0.000000","0.000000","0.000000","0.000000"
"2686","0.000000","0.000000","0.000000","0.000000","0.000000"
"2696","0.000000","0.000000","0.000000","0.000000","0.000000"
"2706","0.000000","0.000000","0.000000","0.000000","0.000000"
"2716","0.000000","0.000000","0.000000","0.000000","0.000000"
"2726","0.000000","0.000000","0.000000","0.000000","0.000000"
"2736","0.000000","0.000000","0.000000","0.000000","0.000000"
"2746","0.000000","0.000000","0.000000","0.000000","0.000000"
"2756","0.000000","0.000000","0.000000","0.000000","0.000000"
"2766","0.000000","0.000000","0.000000","0.000000","0.000000"
"2776","0.000000","0.000000","0.000000","0.000000","0.000000"
"2786","0.000000","0.000000","0.000000","0.000000","0.000000"
"2796","0.000000","0.000000","0.000000","0.000000","0.000000"
"2806","0.000000","0.000000","0.000000","0.000000","0.000000"
"2816","0.000000","0.000000","0.000000","0.000000","0.000000"
"2826","0.000000","0.000000","0.000000","0.000000","0.000000"
"2836","0.000000","0.000000","0.000000","0.000000","0.000000"
"2846","0.000000","0.000000","0.000000","0.000000","0.000000"
"2856","0.000000","0.000000","0.000000","0.000000","0.000000"
"2866","75.000000","0.000000","0.000000","10.400000","150.000000"
"2876","75.000000","0.000000","0.000000","10.800000","75.000000"
"2886","75.000000","0.000000","0.000000","11.200000","37.500000"
"2896","75.000000","0.000000","0.000000","11.600000","18.750000"
"2906","75.000000","0.000000","0.000000","12.000000","9.375000"
"2916","75.000000","0.000000","0.000000","12.400000","4.687500"
"2926","75.000000","0.000000","0.000000","12.800000","2.343750"
"2936","75.000000","0.000000","0.000000","13.200000","1.171875"
"2946","75.000000","0.000000","0.000000","13.600000","0.585938"
"2956","75.000000","0.000000","0.000000","14.000000","0.292969"
"2966","75.000000","0.000000","0.000000","14.400000","0.146484"
"2976","75.000000","0.000000","0.000000","14.800000","0.073242"
"2986","75.000000","0.000000","0.000000","15.200000","0.036621"
"2996","75.000000","0.000000","0.000000","15.600000","0.018311"
"3006","75.000000","0.000000","0.000000","16.000000","0.009155"
"3016","75.000000","0.000000","0.000000","16.400000","0.004578"
"3026","75.000000","0.000000","0.000000","16.800000","0.002289"
"3036","75.000000","0.000000","0.000000","17.200000","0.001144"
"3046","75.000000","0.000000","0.000000","17.600000","0.000572"
"3056","75.000000","0.000000","0.000000","18.000000","0.000286"
"3066","75.000000","0.000000","0.000000","18.400000","0.000143"
"3076","75.000000","0.000000","0.000000","18.800000","0.000072"
"3086","75.000000","0.000000","0.000000","19.200000","0.000036"
"3096","75.000000","0.000000","0.000000","19.600000","0.000018"
"3106","75.000000","0.000000","0.000000","20.000000","0.000009"
"3116","75.000000","0.000000","0.000000","20.400000","0.000004"
"3126","75.000000","0.000000","0.000000","20.800000","0.000002"
"3136","75.000000","0.000000","0.000000","21.200000","0.000001"
"3146","75.000000","0.000000","0.000000","21.600000","0.000001"
"3156","75.000000","0.000000","0.000000","22.000000","0.000000"
"3166","75.000000","0.000000","0.000000","22.400000","0.000000"
"3176","75.000000","0.000000","0.000000","22.800000","0.000000"
"3186","75.000000","0.000000","0.000000","23.200000","0.000000"
"3196","75.000000","0.000000","0.000000","23.600000","0.000000"
"3206","75.000000","0.000000","0.000000","24.000000","0.000000"
"3216","75.000000","0.000000","0.000000","24.400000","0.000000"
"3226","75.000000","0.000000","0.000000","24.800000","0.000000"
"3236","75.000000","0.000000","0.000000","25.200000","0.000000"
"3246","75.000000","0.000000","0.000000","25.600000","0.000000"
"3256","75.000000","0.000000","0.000000","26.000000","0.000000"
"3266","75.000000","0.000000","0.000000","26.400000","0.000000"
"3276","75.000000","0.000000","0.000000","26.800000","0.000000"
"3286","75.000000","0.000000","0.000000","27.200000","0.000000"
"3296","75.000000","0.000000","0.000000","27.600000","0.000000"
"3306","75.000000","0.000000","0.000000","28.000000","0.000000"
"3316","75.000000","0.000000","0.000000","28.400000","0.000000"
"3326","75.000000","0.000000","0.000000","28.800000","0.000000"
"3336","75.000000","0.000000","0.000000","29.200000","0.000000"
"3346","75.000000","0.000000","0.000000","29.600000","0.000000"
"3356","75.000000","0.000000","0.000000","30.000000","0.000000"
"3366","75.000000","0.000000","0.000000","30.400000","0.000000"
"3376","75.000000","0.000000","0.000000","30.800000","0.000000"
"3386","75.000000","0.000000","0.000000","31.200000","0.000000"
"3396","75.000000","0.000000","0.000000","31.600000","0.000000"
"3406","75.000000","0.000000","0.000000","32.000000","0.000000"
"3416","75.000000","0.000000","0.000000","32.400000","0.000000"
"3426","75.000000","0.000000","0.000000","32.800000","0.000000"
"3436","75.000000","0.000000","0.000000","33.200000","0.000000"
"3446","75.000000","0.000000","0.000000","33.300000","0.000000"
"3456","75.000000","0.000000","0.000000","33.300000","0.000000"
"3466","75.000000","0.000000","0.000000","33.300000","0.000000"
"3476","75.000000","0.000000","0.000000","33.300000","0.000000"
"3486","75.000000","0.000000","0.000000","33.300000","0.000000"
"3496","75.000000","0.000000","0.000000","33.300000","0.000000"
"3506","75.000000","0.000000","0.000000","33.300000","0.000000"
"3516","75.000000","0.000000","0.000000","33.300000","0.000000"
"3526","75.000000","0.000000","0.000000","33.300000","0.000000"
"3536","75.000000","0.000000","0.000000","33.300000","0.000000"
"3546","75.000000","0.000000","0.000000","33.300000","0.000000"
"3556","75.000000","0.000000","0.000000","33.300000","0.000000"
"3566","75.000000","0.000000","0.000000","33.300000","0.000000"
"3576","75.000000","0.000000","0.000000","33.300000","0.000000"
"3586","75.000000","0.000000","0.000000","33.300000","0.000000"
"3596","75.000000","0.000000","0.000000","33.300000","0.000000"
"3606","75.000000","0.000000","0.000000","33.300000","0.000000"
"3616","75.000000","0.000000","0.000000","33.300000","0.000000"
"3626","75.000000","0.000000","0.000000","33.300000","0.000000"
"3636","75.000000","0.000000","0.000000","33.300000","0.000000"
"3646","75.000000","0.000000","0.000000","33.300000","0.000000"
"3656","75.000000","0.000000","0.000000","33.300000","0.000000"
"3666","75.000000","0.000000","0.000000","33.300000","0.000000"
"3676","75.000000","0.000000","0.000000","33.300000","0.000000"
"3686","75.000000","0.000000","0.000000","33.300000","0.000000"
"3696","75.000000","0.000000","0.000000","33.300000","0.000000"
"3706","75.000000","0.000000","0.000000","33.300000","0.000000"
"3716","75.000000","0.000000","0.000000","33.300000","0.000000"
"3726","150.000000","0.000000","0.000000","33.700000","150.000000"
"3736","150.000000","0.000000","0.000000","34.100000","75.000000"
"3746","150.000000","0.000000","0.000000","34.500000","37.500000"
"3756","150.000000","0.000000","0.000000","34.900000","18.750000"
"3766","150.000000","0.000000","0.000000","35.300000","9.375000"
"3776","150.000000","0.000000","0.000000","35.700000","4.687500"
"3786","150.000000","0.000000","0.000000","36.100000","2.343750"
"3796","150.000000","0.000000","0.000000","36.500000","1.171875"
"3806","150.000000","0.000000","0.000000","36.900000","0.585938"
"3816","150.000000","0.000000","0.000000","37.300000","0.292969"
"3826","150.000000","0.000000","0.000000","37.700000","0.146484"
"3836","150.000000","0.000000","0.000000","38.100000","0.073242"
"3846","150.000000","0.000000","0.000000","38.500000","0.036621"
"3856","150.000000","0.000000","0.000000","38.900000","0.018311"
"3866","150.000000","0.000000","0.000000","39.300000","0.009155"
"3876","150.000000","0.000000","0.000000","39.700000","0.004578"
"3886","150.000000","0.000000","0.000000","40.100000","0.002289"
"3896","150.000000","0.000000","0.000000","40.500000","0.001144"
"3906","150.000000","0.000000","0.000000","40.900000","0.000572"
"3916","150.000000","0.000000","0.000000","41.300000","0.000286"
"3926","150.000000","0.000000","0.000000","41.700000","0.000143"
"3936","150.000000","0.000000","0.000000","42.100000","0.000072"
"3946","150.000000","0.000000","0.000000","42.500000","0.000036"
"3956","150.000000","0.000000","0.000000","42.900000","0.000018"
"3966","150.000000","0.000000","0.000000","43.300000","0.000009"
"3976","150.000000","0.000000","0.000000","43.700000","0.000004"
"3986","150.000000","0.000000","0.000000","44.100000","0.000002"
"3996","150.000000","0.000000","0.000000","44.500000","0.000001"
"4006","150.000000","0.000000","0.000000","44.900000","0.000001"
"4016","150.000000","0.000000","0.000000","45.300000","0.000000"
"4026","150.000000","0.000000","0.000000","45.700000","0.000000"
"4036","150.000000","0.000000","0.000000","46.100000","0.000000"
"4046","150.000000","0.000000","0.000000","46.500000","0.000000"
"4056","150.000000","0.000000","0.000000","46.900000","0.000000"
"4066","150.000000","0.000000","0.000000","47.300000","0.000000"
"4076","150.000000","0.000000","0.000000","47.700000","0.000000"
"4086","150.000000","0.000000","0.000000","48.100000","0.000000"
"4096","150.000000","0.000000","0.000000","48.500000","0.000000"
"4106","150.000000","0.000000","0.000000","48.900000","0.000000"
"4116","150.000000","0.000000","0.000000","49.300000","0.000000"
"4126","150.000000","0.000000","0.000000","49.700000","0.000000"
"4136","150.000000","0.000000","0.000000","50.100000","0.000000"
"4146","150.000000","0.000000","0.000000","50.500000","0.000000"
"4156","150.000000","0.000000","0.000000","50.900000","0.000000"
"4166","150.000000","0.000000","0.000000","51.300000","0.000000"
"4176","150.000000","0.000000","0.000000","51.700000","0.000000"
"4186","150.000000","0.000000","0.000000","52.100000","0.000000"
"4196","150.000000","0.000000","0.000000","52.500000","0.000000"
"4206","150.000000","0.000000","0.000000","52.900000","0.000000"
"4216","150.000000","0.000000","0.000000","53.300000","0.000000"
"4226","150.000000","0.000000","0.000000","53.700000","0.000000"
"4236","150.000000","0.000000","0.000000","54.100000","0.000000"
"4246","150.000000","0.000000","0.000000","54.500000","0.000000"
"4256","150.000000","0.000000","0.000000","54.900000","0.000000"
"4266","150.000000","0.000000","0.000000","55.300000","0.000000"
"4276","150.000000","0.000000","0.000000","55.700000","0.000000"
"4286","150.000000","0.000000","0.000000","56.100000","0.000000"
"4296","150.000000","0.000000","0.000000","56.500000","0.000000"
"4306","150.000000","0.000000","0.000000","56.900000","0.000000"
"4316","150.000000","0.000000","0.000000","57.300000","0.000000"
"4326","150.000000","0.000000","0.000000","57.700000","0.000000"
"4336","150.000000","0.000000","0.000000","58.100000","0.000000"
"4346","150.000000","0.000000","0.000000","58.500000","0.000000"
"4356","150.000000","0.000000","0.000000","58.900000","0.000000"
"4366","150.000000","0.000000","0.000000","59.300000","0.000000"
"4376","150.000000","0.000000","0.000000","59.700000","0.000000"
"4386","150.000000","0.000000","0.000000","60.100000","0.000000"
"4396","150.000000","0.000000","0.000000","60.500000","0.000000"
"4406","150.000000","0.000000","0.000000","60.900000","0.000000"
"4416","150.000000","0.000000","0.000000","61.300000","0.000000"
"4426","150.000000","0.000000","0.000000","61.700000","0.000000"
"4436","150.000000","0.000000","0.000000","62.100000","0.000000"
"4446","150.000000","0.000000","0.000000","62.500000","0.000000"
"4456","150.000000","0.000000","0.000000","62.900000","0.000000"
"4466","150.000000","0.000000","0.000000","63.300000","0.000000"
"4476","150.000000","0.000000","0.000000","63.700000","0.000000"
"4486","150.000000","0.000000","0.000000","64.100000","0.000000"
"4496","150.000000","0.000000","0.000000","64.500000","0.000000"
"4506","150.000000","0.000000","0.000000","64.900000","0.000000"
"4516","150.000000","0.000000","0.000000","65.300000","0.000000"
"4526","150.000000","0.000000","0.000000","65.700000","0.000000"
"4536","150.000000","0.000000","0.000000","66.100000","0.000000"
"4546","150.000000","0.000000","0.000000","66.500000","0.000000"
"4556","150.000000","0.000000","0.000000","66.600000","0.000000"
"4566","150.000000","0.000000","0.000000","66.600000","0.000000"
"4576","150.000000","0.000000","0.000000","66.600000","0.000000"
"4586","150.000000","0.000000","0.000000","66.600000","0.000000"
"4596","150.000000","0.000000","0.000000","66.600000","0.000000"
"4606","150.000000","0.000000","0.000000","66.600000","0.000000"
"4616","150.000000","0.000000","0.000000","66.600000","0.000000"
"4626","225.000000","0.000000","0.000000","67.000000","150.000000"
"4636","225.000000","0.000000","0.000000","67.400000","75.000000"
"4646","225.000000","0.000000","0.000000","67.800000","37.500000"
"4656","225.000000","0.000000","0.000000","68.200000","18.750000"
"4666","225.000000","0.000000","0.000000","68.600000","9.375000"
"4676","225.000000","0.000000","0.000000","69.000000","4.687500"
"4686","225.000000","0.000000","0.000000","69.400000","2.343750"
"4696","225.000000","0.000000","0.000000","69.800000","1.171875"
"4706","225.000000","0.000000","0.000000","70.200000","0.585938"
"4716","225.000000","0.000000","0.000000","70.600000","0.292969"
"4726","225.000000","0.000000","0.000000","71.000000","0.146484"
"4736","225.000000","0.000000","0.000000","71.400000","0.073242"
"4746","225.000000","0.000000","0.000000","71.800000","0.036621"
"4756","225.000000","0.000000","0.000000","72.200000","0.018311"
"4766","225.000000","0.000000","0.000000","72.600000","0.009155"
"4776","225.000000","0.000000","0.000000","73.000000","0.004578"
"4786","225.000000","0.000000","0.000000","73.400000","0.002289"
"4796","225.000000","0.000000","0.000000","73.800000","0.001144"
"4806","225.000000","0.000000","0.000000","74.200000","0.000572"
"4816","225.000000","0.000000","0.000000","74.600000","0.000286"
"4826","225.000000","0.000000","0.000000","75.000000","0.000143"
"4836","225.000000","0.000000","0.000000","75.400000","0.000072"
"4846","225.000000","0.000000","0.000000","75.800000","0.000036"
"4856","225.000000","0.000000","0.000000","76.200000","0.000018"
"4866","225.000000","0.000000","0.000000","76.600000","0.000009"
"4876","225.000000","0.000000","0.000000","77.000000","0.000004"
"4886","225.000000","0.000000","0.000000","77.400000","0.000002"
"4896","225.000000","0.000000","0.000000","77.800000","0.000001"
"4906","225.000000","0.000000","0.000000","78.200000","0.000001"
"4916","225.000000","0.000000","0.000000","78.600000","0.000000"
"4926","225.000000","0.000000","0.000000","79.000000","0.000000"
"4936","225.000000","0.000000","0.000000","79.400000","0.000000"
"4946","225.000000","0.000000","0.000000","79.800000","0.000000"
"4956","225.000000","0.000000","0.000000","80.200000","0.000000"
"4966","225.000000","0.000000","0.000000","80.600000","0.000000"
"4976","225.000000","0.000000","0.000000","81.000000","0.000000"
"4986","225.000000","0.000000","0.000000","81.400000","0.000000"
"4996","225.000000","0.000000","0.000000","81.800000","0.000000"
"5006","225.000000","0.000000","0.000000","82.200000","0.000000"
"5016","225.000000","0.000000","0.000000","82.600000","0.000000"
"5026","225.000000","0.000000","0.000000","83.000000","0.000000"
"5036","225.000000","0.000000","0.000000","83.400000","0.000000"
"5046","225.000000","0.000000","0.000000","83.800000","0.000000"
"5056","225.000000","0.000000","0.000000","84.200000","0.000000"
"5066","225.000000","0.000000","0.000000","84.600000","0.000000"
"5076","225.000000","0.000000","0.000000","85.000000","0.000000"
"5086","225.000000","0.000000","0.000000","85.400000","0.000000"
"5096","225.000000","0.000000","0.000000","85.800000","0.000000"
"5106","225.000000","0.000000","0.000000","86.200000","0.000000"
"5116","225.000000","0.000000","0.000000","86.600000","0.000000"
"5126","225.000000","0.000000","0.000000","87.000000","0.000000"
"5136","225.000000","0.000000","0.000000","87.400000","0.000000"
"5146","225.000000","0.000000","0.000000","87.800000","0.000000"
"5156","225.000000","0.000000","0.000000","88.200000","0.000000"
"5166","225.000000","0.000000","0.000000","88.600000","0.000000"
"5176","225.000000","0.000000","0.000000","89.000000","0.000000"
"5186","225.000000","0.000000","0.000000","89.400000","0.000000"
"5196","225.000000","0.000000","0.000000","89.800000","0.000000"
"5206","225.000000","0.000000","0.000000","90.200000","0.000000"
"5216","225.000000","0.000000","0.000000","90.600000","0.000000"
"5226","225.000000","0.000000","0.000000","91.000000","0.000000"
"5236","225.000000","0.000000","0.000000","91.400000","0.000000"
"5246","225.000000","0.000000","0.000000","91.800000","0.000000"
"5256","225.000000","0.000000","0.000000","92.200000","0.000000"
"5266","225.000000","0.000000","0.000000","92.600000","0.000000"
"5276","225.000000","0.000000","0.000000","93.000000","0.000000"
"5286","225.000000","0.000000","0.000000","93.400000","0.000000"
"5296","225.000000","0.000000","0.000000","93.800000","0.000000"
"5306","225.000000","0.000000","0.000000","94.200000","0.000000"
"5316","225.000000","0.000000","0.000000","94.600000","0.000000"
"5326","225.000000","0.000000","0.000000","95.000000","0.000000"
"5336","225.000000","0.000000","0.000000","95.400000","0.000000"
"5346","225.000000","0.000000","0.000000","95.800000","0.000000"
"5356","225.000000","0.000000","0.000000","96.200000","0.000000"
"5366","225.000000","0.000000","0.000000","96.600000","0.000000"
"5376","225.000000","0.000000","0.000000","97.000000","0.000000"
"5386","225.000000","0.000000","0.000000","97.400000","0.000000"
"5396","225.000000","0.000000","0.000000","97.800000","0.000000"
"5406","225.000000","0.000000","0.000000","98.200000","0.000000"
"5416","225.000000","0.000000","0.000000","98.600000","0.000000"
"5426","225.000000","0.000000","0.000000","99.000000","0.000000"
"5436","225.000000","0.000000","0.000000","99.400000","0.000000"
"5446","225.000000","0.000000","0.000000","99.800000","0.000000"
"5456","225.000000","0.000000","0.000000","99.900000","0.000000"
"5466","300.000000","0.000000","0.000000","100.300000","150.000000"
"5476","300.000000","0.000000","0.000000","100.700000","75.000000"
"5486","300.000000","0.000000","0.000000","101.100000","37.500000"
"5496","300.000000","0.000000","0.000000","101.500000","18.750000"
"5506","300.000000","0.000000","0.000000","101.900000","9.375000"
"5516","300.000000","0.000000","0.000000","102.300000","4.687500"
"5526","300.000000","0.000000","0.000000","102.700000","2.343750"
"5536","300.000000","0.000000","0.000000","103.100000","1.171875"
"5546","300.000000","0.000000","0.000000","103.500000","0.585938"
"5556","300.000000","0.000000","0.000000","103.900000","0.292969"
"5566","300.000000","0.000000","0.000000","104.300000","0.146484"
"5576","300.000000","0.000000","0.000000","104.700000","0.073242"
"5586","300.000000","0.000000","0.000000","105.100000","0.036621"
"5596","300.000000","0.000000","0.000000","105.500000","0.018311"
"5606","300.000000","0.000000","0.000000","105.900000","0.009155"
"5616","300.000000","0.000000","0.000000","106.300000","0.004578"
"5626","300.000000","0.000000","0.000000","106.700000","0.002289"
"5636","300.000000","0.000000","0.000000","107.100000","0.001144"
"5646","300.000000","0.000000","0.000000","107.500000","0.000572"
"5656","300.000000","0.000000","0.000000","107.900000","0.000286"
"5666","300.000000","0.000000","0.000000","108.300000","0.000143"
"5676","300.000000","0.000000","0.000000","108.700000","0.000072"
"5686","300.000000","0.000000","0.000000","109.100000","0.000036"
"5696","300.000000","0.000000","0.000000","109.500000","0.000018"
"5706","300.000000","0.000000","0.000000","109.900000","0.000009"
"5716","300.000000","0.000000","0.000000","110.300000","0.000004"
"5726","300.000000","0.000000","0.000000","110.700000","0.000002"
"5736","300.000000","0.000000","0.000000","111.100000","0.000001"
"5746","300.000000","0.000000","0.000000","111.500000","0.000001"
"5756","300.000000","0.000000","0.000000","111.900000","0.000000"
"5766","300.000000","0.000000","0.000000","112.300000","0.000000"
"5776","300.000000","0.000000","0.000000","112.700000","0.000000"
"5786","300.000000","0.000000","0.000000","113.100000","0.000000"
"5796","300.000000","0.000000","0.000000","113.500000","0.000000"
"5806","300.000000","0.000000","0.000000","113.900000","0.000000"
"5816","300.000000","0.000000","0.000000","114.300000","0.000000"
"5826","300.000000","0.000000","0.000000","114.700000","0.000000"
"5836","300.000000","0.000000","0.000000","115.100000","0.000000"
"5846","300.000000","0.000000","0.000000","115.500000","0.000000"
"5856","300.000000","0.000000","0.000000","115.900000","0.000000"
"5866","300.000000","0.000000","0.000000","116.300000","0.000000"
"5876","300.000000","0.000000","0.000000","116.700000","0.000000"
"5886","300.000000","0.000000","0.000000","117.100000","0.000000"
"5896","300.000000","0.000000","0.000000","117.500000","0.000000"
"5906","300.000000","0.000000","0.000000","117.900000","0.000000"
"5916","300.000000","0.000000","0.000000","118.300000","0.000000"
"5926","300.000000","0.000000","0.000000","118.700000","0.000000"
"5936","300.000000","0.000000","0.000000","119.100000","0.000000"
"5946","300.000000","0.000000","0.000000","119.500000","0.000000"
"5956","300.000000","0.000000","0.000000","119.900000","0.000000"
"5966","300.000000","0.000000","0.000000","120.300000","0.000000"
"5976","300.000000","0.000000","0.000000","120.700000","0.000000"
"5986","300.000000","0.000000","0.000000","121.100000","0.000000"
"5996","300.000000","0.000000","0.000000","121.500000","0.000000"
"6006","300.000000","0.000000","0.000000","121.900000","0.000000"
"6016","300.000000","0.000000","0.000000","122.300000","0.000000"
"6026","300.000000","0.000000","0.000000","122.700000","0.000000"
"6036","300.000000","0.000000","0.000000","123.100000","0.000000"
"6046","300.000000","0.000000","0.000000","123.500000","0.000000"
"6056","300.000000","0.000000","0.000000","123.900000","0.000000"
"6066","300.000000","0.000000","0.000000","124.300000","0.000000"
"6076","300.000000","0.000000","0.000000","124.700000","0.000000"
"6086","300.000000","0.000000","0.000000","125.100000","0.000000"
"6096","300.000000","0.000000","0.000000","125.500000","0.000000"
"6106","300.000000","0.000000","0.000000","125.900000","0.000000"
"6116","300.000000","0.000000","0.000000","126.300000","0.000000"
"6126","300.000000","0.000000","0.000000","126.700000","0.000000"
"6136","300.000000","0.000000","0.000000","127.000000","0.000000"
"6146","300.000000","0.000000","0.000000","127.000000","0.000000"
"6156","300.000000","0.000000","0.000000","127.000000","0.000000"
"6166","300.000000","0.000000","0.000000","127.000000","0.000000"
"6176","300.000000","0.000000","0.000000","127.000000","0.000000"
"6186","300.000000","0.000000","0.000000","127.000000","0.000000"
"6196","300.000000","0.000000","0.000000","127.000000","0.000000"
"6206","300.000000","0.000000","0.000000","127.000000","0.000000"
"6216","300.000000","0.000000","0.000000","127.000000","0.000000"
"6226","300.000000","0.000000","0.000000","127.000000","0.000000"
"6236","300.000000","0.000000","0.000000","127.000000","0.000000"
"6246","300.000000","0.000000","0.000000","127.000000","0.000000"
"6256","300.000000","0.000000","0.000000","127.000000","0.000000"
"6266","300.000000","0.000000","0.000000","127.000000","0.000000"
"6276","300.000000","0.000000","0.000000","127.000000","0.000000"
"6286","300.000000","0.000000","0.000000","127.000000","0.000000"
"6296","300.000000","0.000000","0.000000","127.000000","0.000000"
"6306","300.000000","0.000000","0.000000","127.000000","0.000000"
"6316","300.000000","0.000000","0.000000","127.000000","0.000000"
"6326","300.000000","0.000000","0.000000","127.000000","0.000000"
"6336","300.000000","0.000000","0.000000","127.000000","0.000000"
"6346","300.000000","0.000000","0.000000","127.000000","0.000000"
"6356","300.000000","0.000000","0.000000","127.000000","0.000000"
"6366","300.000000","0.000000","0.000000","127.000000","0.000000"
"6376","300.000000","0.000000","0.000000","127.000000","0.000000"
"6386","300.000000","0.000000","0.000000","127.000000","0.000000"
"6396","300.000000","0.000000","0.000000","127.000000","0.000000"
"6406","300.000000","0.000000","0.000000","127.000000","0.000000"
"6416","300.000000","0.000000","0.000000","127.000000","0.000000"
"6426","300.000000","0.000000","0.000000","127.000000","0.000000"
"6436","300.000000","0.000000","0.000000","127.000000","0.000000"
"6446","300.000000","0.000000","0.000000","127.000000","0.000000"
"6456","300.000000","0.000000","0.000000","127.000000","0.000000"
"6466","375.000000","0.000000","0.000000","127.000000","150.000000"
"6476","375.000000","0.000000","0.000000","127.000000","75.000000"
"6486","375.000000","0.000000","0.000000","127.000000","37.500000"
"6496","375.000000","0.000000","0.000000","127.000000","18.750000"
"6506","375.000000","0.000000","0.000000","127.000000","9.375000"
"6516","375.000000","0.000000","0.000000","127.000000","4.687500"
"6526","375.000000","0.000000","0.000000","127.000000","2.343750"
"6536","375.000000","0.000000","0.000000","127.000000","1.171875"
"6546","375.000000","0.000000","0.000000","127.000000","0.585938"
"6556","375.000000","0.000000","0.000000","127.000000","0.292969"
"6566","375.000000","0.000000","0.000000","127.000000","0.146484"
"6576","375.000000","0.000000","0.000000","127.000000","0.073242"
"6586","375.000000","0.000000","0.000000","127.000000","0.036621"
"6596","375.000000","0.000000","0.000000","127.000000","0.018311"
"6606","375.000000","0.000000","0.000000","127.000000","0.009155"
"6616","375.000000","0.000000","0.000000","127.000000","0.004578"
"6626","375.000000","0.000000","0.000000","127.000000","0.002289"
"6636","375.000000","0.000000","0.000000","127.000000","0.001144"
"6646","375.000000","0.000000","0.000000","127.000000","0.000572"
"6656","375.000000","0.000000","0.000000","127.000000","0.000286"
"6666","375.000000","0.000000","0.000000","127.000000","0.000143"
"6676","375.000000","0.000000","0.000000","127.000000","0.000072"
"6686","375.000000","0.000000","0.000000","127.000000","0.000036"
"6696","375.000000","0.000000","0.000000","127.000000","0.000018"
"6706","375.000000","0.000000","0.000000","127.000000","0.000009"
"6716","375.000000","0.000000","0.000000","127.000000","0.000004"
"6726","375.000000","0.000000","0.000000","127.000000","0.000002"
"6736","375.000000","0.000000","0.000000","127.000000","0.000001"
"6746","375.000000","0.000000","0.000000","127.000000","0.000001"
"6756","375.000000","0.000000","0.000000","127.000000","0.000000"
"6766","375.000000","0.000000","0.000000","127.000000","0.000000"
"6776","375.000000","0.000000","0.000000","127.000000","0.000000"
"6786","375.000000","0.000000","0.000000","127.000000","0.000000"
"6796","375.000000","0.000000","0.000000","127.000000","0.000000"
"6806","375.000000","0.000000","0.000000","127.000000","0.000000"
"6816","375.000000","0.000000","0.000000","127.000000","0.000000"
"6826","375.000000","0.000000","0.000000","127.000000","0.000000"
"6836","375.000000","0.000000","0.000000","127.000000","0.000000"
"6846","375.000000","0.000000","0.000000","127.000000","0.000000"
"6856","375.000000","0.000000","0.000000","127.000000","0.000000"
"6866","375.000000","0.000000","0.000000","127.000000","0.000000"
"6876","375.000000","0.000000","0.000000","127.000000","0.000000"
"6886","375.000000","0.000000","0.000000","127.000000","0.000000"
"6896","375.000000","0.000000","0.000000","127.000000","0.000000"
"6906","375.000000","0.000000","0.000000","127.000000","0.000000"
"6916","375.000000","0.000000","0.000000","127.000000","0.000000"
"6926","375.000000","0.000000","0.000000","127.000000","0.000000"
"6936","375.000000","0.000000","0.000000","127.000000","0.000000"
"6946","375.000000","0.000000","0.000000","127.000000","0.000000"
"6956","375.000000","0.000000","0.000000","127.000000","0.000000"
"6966","375.000000","0.000000","0.000000","127.000000","0.000000"
"6976","375.000000","0.000000","0.000000","127.000000","0.000000"
"6986","375.000000","0.000000","0.000000","127.000000","0.000000"
"6996","375.000000","0.000000","0.000000","127.000000","0.000000"
"7006","375.000000","0.000000","0.000000","127.000000","0.000000"
"7016","375.000000","0.000000","0.000000","127.000000","0.000000"
"7026","375.000000","0.000000","0.000000","127.000000","0.000000"
"7036","375.000000","0.000000","0.000000","127.000000","0.000000"
"7046","375.000000","0.000000","0.000000","127.000000","0.000000"
"7056","375.000000","0.000000","0.000000","127.000000","0.000000"
"7066","375.000000","0.000000","0.000000","127.000000","0.000000"
"7076","375.000000","0.000000","0.000000","127.000000","0.000000"
"7086","375.000000","0.000000","0.000000","127.000000","0.000000"
"7096","375.000000","0.000000","0.000000","127.000000","0.000000"
"7106","375.000000","0.000000","0.000000","127.000000","0.000000"
"7116","375.000000","0.000000","0.000000","127.000000","0.000000"
"7126","375.000000","0.000000","0.000000","127.000000","0.000000"
"7136","375.000000","0.000000","0.000000","127.000000","0.000000"
"7146","375.000000","0.000000","0.000000","127.000000","0.000000"
"7156","375.000000","0.000000","0.000000","127.000000","0.000000"
"7166","375.000000","0.000000","0.000000","127.000000","0.000000"
"7176","375.000000","0.000000","0.000000","127.000000","0.000000"
"7186","375.000000","0.000000","0.000000","127.000000","0.000000"
"7196","375.000000","0.000000","0.000000","127.000000","0.000000"
"7206","375.000000","0.000000","0.000000","127.000000","0.000000"
"7216","375.000000","0.000000","0.000000","127.000000","0.000000"
"7226","375.000000","0.000000","0.000000","127.000000","0.000000"
"7236","375.000000","0.000000","0.000000","127.000000","0.000000"
"7246","375.000000","0.000000","0.000000","127.000000","0.000000"
"7256","375.000000","0.000000","0.000000","127.000000","0.000000"
"7266","375.000000","0.000000","0.000000","127.000000","0.000000"
"7276","375.000000","0.000000","0.000000","127.000000","0.000000"
"7286","375.000000","0.000000","0.000000","127.000000","0.000000"
"7296","375.000000","0.000000","0.000000","127.000000","0.000000"
"7306","375.000000","0.000000","0.000000","127.000000","0.000000"
"7316","375.000000","0.000000","0.000000","127.000000","0.000000"
"7326","375.000000","0.000000","0.000000","127.000000","0.000000"
"7336","375.000000","0.000000","0.000000","127.000000","0.000000"
"7346","375.000000","0.000000","0.000000","127.000000","0.000000"
"7356","375.000000","0.000000","0.000000","127.000000","0.000000"
"7366","450.000000","0.000000","0.000000","127.000000","150.000000"
"7376","450.000000","0.000000","0.000000","127.000000","75.000000"
"7386","450.000000","0.000000","0.000000","127.000000","37.500000"
"7396","450.000000","0.000000","0.000000","127.000000","18.750000"
"7406","450.000000","0.000000","0.000000","127.000000","9.375000"
"7416","450.000000","0.000000","0.000000","127.000000","4.687500"
"7426","450.000000","0.000000","0.000000","127.000000","2.343750"
"7436","450.000000","0.000000","0.000000","127.000000","1.171875"
"7446","450.000000","0.000000","0.000000","127.000000","0.585938"
"7456","450.000000","0.000000","0.000000","127.000000","0.292969"
"7466","450.000000","0.000000","0.000000","127.000000","0.146484"
"7476","450.000000","0.000000","0.000000","127.000000","0.073242"
"7486","450.000000","0.000000","0.000000","127.000000","0.036621"
"7496","450.000000","0.000000","0.000000","127.000000","0.018311"
"7506","450.000000","0.000000","0.000000","127.000000","0.009155"
"7516","450.000000","0.000000","0.000000","127.000000","0.004578"
"7526","450.000000","0.000000","0.000000","127.000000","0.002289"
"7536","450.000000","0.000000","0.000000","127.000000","0.001144"
"7546","450.000000","0.000000","0.000000","127.000000","0.000572"
"7556","450.000000","0.000000","0.000000","127.000000","0.000286"
"7566","450.000000","0.000000","0.000000","127.000000","0.000143"
"7576","450.000000","0.000000","0.000000","127.000000","0.000072"
"7586","450.000000","0.000000","0.000000","127.000000","0.000036"
"7596","450.000000","0.000000","0.000000","127.000000","0.000018"
"7606","450.000000","0.000000","0.000000","127.000000","0.000009"
"7616","450.000000","0.000000","0.000000","127.000000","0.000004"
"7626","450.000000","0.000000","0.000000","127.000000","0.000002"
"7636","450.000000","0.000000","0.000000","127.000000","0.000001"
"7646","450.000000","0.000000","0.000000","127.000000","0.000001"
"7656","450.000000","0.000000","0.000000","127.000000","0.000000"
"7666","450.000000","0.000000","0.000000","127.000000","0.000000"
"7676","450.000000","0.000000","0.000000","127.000000","0.000000"
"7686","450.000000","0.000000","0.000000","127.000000","0.000000"
"7696","450.000000","0.000000","0.000000","127.000000","0.000000"
"7706","450.000000","0.000000","0.000000","127.000000","0.000000"
"7716","450.000000","0.000000","0.000000","127.000000","0.000000"
"7726","450.000000","0.000000","0.000000","127.000000","0.000000"
"7736","450.000000","0.000000","0.000000","127.000000","0.000000"
"7746","450.000000","0.000000","0.000000","127.000000","0.000000"
"7756","450.000000","0.000000","0.000000","127.000000","0.000000"
"7766","450.000000","0.000000","0.000000","127.000000","0.000000"
"7776","450.000000","0.000000","0.000000","127.000000","0.000000"
"7786","450.000000","0.000000","0.000000","127.000000","0.000000"
"7796","450.000000","0.000000","0.000000","127.000000","0.000000"
"7806","450.000000","0.000000","0.000000","127.000000","0.000000"
"7816","450.000000","0.000000","0.000000","127.000000","0.000000"
"7826","450.000000","0.000000","0.000000","127.000000","0.000000"
"7836","450.000000","0.000000","0.000000","127.000000","0.000000"
"7846","450.000000","0.000000","0.000000","127.000000","0.000000"
"7856","450.000000","0.000000","0.000000","127.000000","0.000000"
"7866","450.000000","0.000000","0.000000","127.000000","0.000000"
"7876","450.000000","0.000000","0.000000","127.000000","0.000000"
"7886","450.000000","0.000000","0.000000","127.000000","0.000000"
"7896","450.000000","0.000000","0.000000","127.000000","0.000000"
"7906","450.000000","0.000000","0.000000","127.000000","0.000000"
"7916","450.000000","0.000000","0.000000","127.000000","0.000000"
"7926","450.000000","0.000000","0.000000","127.000000","0.000000"
"7936","450.000000","0.000000","0.000000","127.000000","0.000000"
"7946","450.000000","0.000000","0.000000","127.000000","0.000000"
"7956","450.000000","0.000000","0.000000","127.000000","0.000000"
"7966","525.000000","0.000000","0.000000","127.000000","150.000000"
"7976","525.000000","0.000000","0.000000","127.000000","75.000000"
"7986","525.000000","0.000000","0.000000","127.000000","37.500000"
"7996","525.000000","0.000000","0.000000","127.000000","18.750000"
"8006","525.000000","0.000000","0.000000","127.000000","9.375000"
"8016","525.000000","0.000000","0.000000","127.000000","4.687500"
"8026","525.000000","0.000000","0.000000","127.000000","2.343750"
"8036","525.000000","0.000000","0.000000","127.000000","1.171875"
"8046","525.000000","0.000000","0.000000","127.000000","0.585938"
"8056","525.000000","0.000000","0.000000","127.000000","0.292969"
"8066","525.000000","0.000000","0.000000","127.000000","0.146484"
"8076","525.000000","0.000000","0.000000","127.000000","0.073242"
"8086","525.000000","0.000000","0.000000","127.000000","0.036621"
"8096","525.000000","0.000000","0.000000","127.000000","0.018311"
"8106","525.000000","0.000000","0.000000","127.000000","0.009155"
"8116","525.000000","0.000000","0.000000","127.000000","0.004578"
"8126","525.000000","0.000000","0.000000","127.000000","0.002289"
"8136","525.000000","0.000000","0.000000","127.000000","0.001144"
"8146","525.000000","0.000000","0.000000","127.000000","0.000572"
"8156","525.000000","0.000000","0.000000","127.000000","0.000286"
"8166","525.000000","0.000000","0.000000","127.000000","0.000143"
"8176","525.000000","0.000000","0.000000","127.000000","0.000072"
"8186","525.000000","0.000000","0.000000","127.000000","0.000036"
"8196","525.000000","0.000000","0.000000","127.000000","0.000018"
"8206","525.000000","0.000000","0.000000","127.000000","0.000009"
"8216","525.000000","0.000000","0.000000","127.000000","0.000004"
"8226","525.000000","0.000000","0.000000","127.000000","0.000002"
"8236","525.000000","0.000000","0.000000","127.000000","0.000001"
"8246","525.000000","0.000000","0.000000","127.000000","0.000001"
"8256","525.000000","0.000000","0.000000","127.000000","0.000000"
"8266","525.000000","0.000000","0.000000","127.000000","0.000000"
"8276","525.000000","0.000000","0.000000","127.000000","0.000000"
"8286","525.000000","0.000000","0.000000","127.000000","0.000000"
"8296","525.000000","0.000000","0.000000","127.000000","0.000000"
"8306","525.000000","0.000000","0.000000","127.000000","0.000000"
"8316","525.000000","0.000000","0.000000","127.000000","0.000000"
"8326","525.000000","0.000000","0.000000","127.000000","0.000000"
"8336","525.000000","0.000000","0.000000","127.000000","0.000000"
"8346","525.000000","0.000000","0.000000","127.000000","0.000000"
"8356","525.000000","0.000000","0.000000","127.000000","0.000000"
"8366","525.000000","0.000000","0.000000","127.000000","0.000000"
"8376","525.000000","0.000000","0.000000","127.000000","0.000000"
"8386","525.000000","0.000000","0.000000","127.000000","0.000000"
"8396","525.000000","0.000000","0.000000","127.000000","0.000000"
"8406","525.000000","0.000000","0.000000","127.000000","0.000000"
"8416","525.000000","0.000000","0.000000","127.000000","0.000000"
"8426","525.000000","0.000000","0.000000","127.000000","0.000000"
"8436","525.000000","0.000000","0.000000","127.000000","0.000000"
"8446","525.000000","0.000000","0.000000","127.000000","0.000000"
"8456","525.000000","0.000000","0.000000","127.000000","0.000000"
"8466","525.000000","0.000000","0.000000","127.000000","0.000000"
"8476","525.000000","0.000000","0.000000","127.000000","0.000000"
"8486","525.000000","0.000000","0.000000","127.000000","0.000000"
"8496","525.000000","0.000000","0.000000","127.000000","0.000000"
"8506","525.000000","0.000000","0.000000","127.000000","0.000000"
"8516","525.000000","0.000000","0.000000","127.000000","0.000000"
"8526","525.000000","0.000000","0.000000","127.000000","0.000000"
"8536","525.000000","0.000000","0.000000","127.000000","0.000000"
"8546","525.000000","0.000000","0.000000","127.000000","0.000000"
"8556","525.000000","0.000000","0.000000","127.000000","0.000000"
"8566","525.000000","0.000000","0.000000","127.000000","0.000000"
"8576","525.000000","0.000000","0.000000","127.000000","0.000000"
"8586","525.000000","0.000000","0.000000","127.000000","0.000000"
"8596","525.000000","0.000000","0.000000","127.000000","0.000000"
"8606","525.000000","0.000000","0.000000","127.000000","0.000000"
"8616","525.000000","0.000000","0.000000","127.000000","0.000000"
"8626","525.000000","0.000000","0.000000","127.000000","0.000000"
"8636","525.000000","0.000000","0.000000","127.000000","0.000000"
"8646","525.000000","0.000000","0.000000","127.000000","0.000000"
"8656","525.000000","0.000000","0.000000","127.000000","0.000000"
"8666","525.000000","0.000000","0.000000","127.000000","0.000000"
"8676","525.000000","0.000000","0.000000","127.000000","0.000000"
"8686","525.000000","0.000000","0.000000","127.000000","0.000000"
"8696","525.000000","0.000000","0.000000","127.000000","0.000000"
"8706","525.000000","0.000000","0.000000","127.000000","0.000000"
"8716","525.000000","0.000000","0.000000","127.000000","0.000000"
"8726","525.000000","0.000000","0.000000","127.000000","0.000000"
"8736","525.000000","0.000000","0.000000","127.000000","0.000000"
"8746","525.000000","0.000000","0.000000","127.000000","0.000000"
"8756","525.000000","0.000000","0.000000","127.000000","0.000000"
"8766","525.000000","0.000000","0.000000","127.000000","0.000000"
"8776","525.000000","0.000000","0.000000","127.000000","0.000000"
"8786","525.000000","0.000000","0.000000","127.000000","0.000000"
"8796","525.000000","0.000000","0.000000","127.000000","0.000000"
"8806","525.000000","0.000000","0.000000","127.000000","0.000000"
"8816","525.000000","0.000000","0.000000","127.000000","0.000000"
"8826","525.000000","0.000000","0.000000","127.000000","0.000000"
"8836","525.000000","0.000000","0.000000","127.000000","0.000000"
"8846","525.000000","0.000000","0.000000","127.000000","0.000000"
"8856","525.000000","0.000000","0.000000","127.000000","0.000000"
"8866","525.000000","0.000000","0.000000","127.000000","0.000000"
"8876","525.000000","0.000000","0.000000","127.000000","0.000000"
"8886","525.000000","0.000000","0.000000","127.000000","0.000000"
"8896","525.000000","0.000000","0.000000","127.000000","0.000000"
"8906","525.000000","0.000000","0.000000","127.000000","0.000000"
"8916","525.000000","0.000000","0.000000","127.000000","0.000000"
"8926","525.000000","0.000000","0.000000","127.000000","0.000000"
"8936","525.000000","0.000000","0.000000","127.000000","0.000000"
"8946","525.000000","0.000000","0.000000","127.000000","0.000000"
"8956","525.000000","0.000000","0.000000","127.000000","0.000000"
"8966","525.000000","0.000000","0.000000","127.000000","0.000000"
"8976","525.000000","0.000000","0.000000","127.000000","0.000000"
"8986","525.000000","0.000000","0.000000","127.000000","0.000000"
"8996","525.000000","0.000000","0.000000","127.000000","0.000000"
"9006","525.000000","0.000000","0.000000","127.000000","0.000000"
"9016","525.000000","0.000000","0.000000","127.000000","0.000000"
"9026","525.000000","0.000000","0.000000","127.000000","0.000000"
"9036","525.000000","0.000000","0.000000","127.000000","0.000000"
"9046","525.000000","0.000000","0.000000","127.000000","0.000000"
"9056","525.000000","0.000000","0.000000","127.000000","0.000000"
"9066","525.000000","0.000000","0.000000","127.000000","0.000000"
"9076","525.000000","0.000000","0.000000","127.000000","0.000000"
"9086","525.000000","0.000000","0.000000","127.000000","0.000000"
"9096","525.000000","0.000000","0.000000","127.000000","0.000000"
"9106","525.000000","0.000000","0.000000","127.000000","0.000000"
"9116","525.000000","0.000000","0.000000","127.000000","0.000000"
"9126","525.000000","0.000000","0.000000","127.000000","0.000000"
"9136","525.000000","0.000000","0.000000","127.000000","0.000000"
"9146","525.000000","0.000000","0.000000","127.000000","0.000000"
"9156","525.000000","0.000000","0.000000","127.000000","0.000000"
"9166","525.000000","0.000000","0.000000","127.000000","0.000000"
"9176","525.000000","0.000000","0.000000","127.000000","0.000000"
"9186","525.000000","0.000000","0.000000","127.000000","0.000000"
"9196","525.000000","0.000000","0.000000","127.000000","0.000000"
"9206","525.000000","0.000000","0.000000","127.000000","0.000000"
"9216","525.000000","0.000000","0.000000","127.000000","0.000000"
"9226","525.000000","0.000000","0.000000","127.000000","0.000000"
"9236","525.000000","0.000000","0.000000","127.000000","0.000000"
"9246","525.000000","0.000000","0.000000","127.000000","0.000000"
"9256","525.000000","0.000000","0.000000","127.000000","0.000000"
"9266","525.000000","0.000000","0.000000","127.000000","0.000000"
"9276","525.000000","0.000000","0.000000","127.000000","0.000000"
"9286","525.000000","0.000000","0.000000","127.000000","0.000000"
"9296","525.000000","0.000000","0.000000","127.000000","0.000000"
"9306","525.000000","0.000000","0.000000","127.000000","0.000000"
"9316","525.000000","0.000000","0.000000","127.000000","0.000000"
"9326","525.000000","0.000000","0.000000","127.000000","0.000000"
"9336","525.000000","0.000000","0.000000","127.000000","0.000000"
"9346","525.000000","0.000000","0.000000","127.000000","0.000000"
"9356","525.000000","0.000000","0.000000","127.000000","0.000000"
"9366","525.000000","0.000000","0.000000","127.000000","0.000000"
"9376","525.000000","0.000000","0.000000","127.000000","0.000000"
"9386","525.000000","0.000000","0.000000","127.000000","0.000000"
"9396","525.000000","0.000000","0.000000","127.000000","0.000000"
"9406","525.000000","0.000000","0.000000","127.000000","0.000000"
"9416","525.000000","0.000000","0.000000","127.000000","0.000000"
"9426","525.000000","0.000000","0.000000","127.000000","0.000000"
"9436","525.000000","0.000000","0.000000","127.000000","0.000000"
"9446","525.000000","0.000000","0.000000","127.000000","0.000000"
"9456","525.000000","0.000000","0.000000","127.000000","0.000000"
"9466","525.000000","0.000000","0.000000","127.000000","0.000000"
"9476","525.000000","0.000000","0.000000","127.000000","0.000000"
"9486","525.000000","0.000000","0.000000","127.000000","0.000000"
"9496","525.000000","0.000000","0.000000","127.000000","0.000000"
"9506","525.000000","0.000000","0.000000","127.000000","0.000000"
"9516","525.000000","0.000000","0.000000","127.000000","0.000000"
"9526","525.000000","0.000000","0.000000","127.000000","0.000000"
"9536","525.000000","0.000000","0.000000","127.000000","0.000000"
"9546","525.000000","0.000000","0.000000","127.000000","0.000000"
"9556","525.000000","0.000000","0.000000","127.000000","0.000000"
"9566","525.000000","0.000000","0.000000","127.000000","0.000000"
"9576","525.000000","0.000000","0.000000","127.000000","0.000000"
"9586","525.000000","0.000000","0.000000","127.000000","0.000000"
"9596","525.000000","0.000000","0.000000","127.000000","0.000000"
"9606","525.000000","0.000000","0.000000","127.000000","0.000000"
"9616","525.000000","0.000000","0.000000","127.000000","0.000000"
"9626","525.000000","0.000000","0.000000","127.000000","0.000000"
"9636","525.000000","0.000000","0.000000","127.000000","0.000000"
"9646","525.000000","0.000000","0.000000","127.000000","0.000000"
"9656","525.000000","0.000000","0.000000","127.000000","0.000000"
"9666","525.000000","0.000000","0.000000","127.000000","0.000000"
"9676","525.000000","0.000000","0.000000","127.000000","0.000000"
"9686","525.000000","0.000000","0.000000","127.000000","0.000000"
"9696","525.000000","0.000000","0.000000","127.000000","0.000000"
"9706","525.000000","0.000000","0.000000","127.000000","0.000000"
"9716","525.000000","0.000000","0.000000","127.000000","0.000000"
"9726","525.000000","0.000000","0.000000","127.000000","0.000000"
"9736","525.000000","0.000000","0.000000","127.000000","0.000000"
"9746","525.000000","0.000000","0.000000","127.000000","0.000000"
"9756","525.000000","0.000000","0.000000","127.000000","0.000000"
"9766","525.000000","0.000000","0.000000","127.000000","0.000000"
"9776","525.000000","0.000000","0.000000","127.000000","0.000000"
"9786","525.000000","0.000000","0.000000","127.000000","0.000000"
"9796","525.000000","0.000000","0.000000","127.000000","0.000000"
"9806","525.000000","0.000000","0.000000","127.000000","0.000000"
"9816","525.000000","0.000000","0.000000","127.000000","0.000000"
"9826","525.000000","0.000000","0.000000","127.000000","0.000000"
"9836","525.000000","0.000000","0.000000","127.000000","0.000000"
"9846","525.000000","0.000000","0.000000","127.000000","0.000000"
"9856","525.000000","0.000000","0.000000","127.000000","0.000000"
"9866","525.000000","0.000000","0.000000","127.000000","0.000000"
"9876","525.000000","0.000000","0.000000","127.000000","0.000000"
"9886","525.000000","0.000000","0.000000","127.000000","0.000000"
"9896","525.000000","0.000000","0.000000","127.000000","0.000000"
"9906","525.000000","0.000000","0.000000","127.000000","0.000000"
"9916","525.000000","0.000000","0.000000","127.000000","0.000000"
"9926","525.000000","0.000000","0.000000","127.000000","0.000000"
"9936","525.000000","0.000000","0.000000","127.000000","0.000000"
"9946","525.000000","0.000000","0.000000","127.000000","0.000000"
"9956","525.000000","0.000000","0.000000","127.000000","0.000000"
"9966","525.000000","0.000000","0.000000","127.000000","0.000000"
"9976","525.000000","0.000000","0.000000","127.000000","0.000000"
"9986","525.000000","0.000000","0.000000","127.000000","0.000000"
"9996","525.000000","0.000000","0.000000","127.000000","0.000000"
"10006","525.000000","0.000000","0.000000","127.000000","0.000000"
"10016","525.000000","0.000000","0.000000","127.000000","0.000000"
"10026","525.000000","0.000000","0.000000","127.000000","0.000000"
"10036","525.000000","0.000000","0.000000","127.000000","0.000000"
"10046","525.000000","0.000000","0.000000","127.000000","0.000000"
"10056","525.000000","0.000000","0.000000","127.000000","0.000000"
"10066","525.000000","0.000000","0.000000","127.000000","0.000000"
"10076","525.000000","0.000000","0.000000","127.000000","0.000000"
"10086","525.000000","0.000000","0.000000","127.000000","0.000000"
"10096","525.000000","0.000000","0.000000","127.000000","0.000000"
"10106","525.000000","0.000000","0.000000","127.000000","0.000000"
"10116","525.000000","0.000000","0.000000","127.000000","0.000000"
"10126","525.000000","0.000000","0.000000","127.000000","0.000000"
"10136","525.000000","0.000000","0.000000","127.000000","0.000000"
"10146","525.000000","0.000000","0.000000","127.000000","0.000000"
"10156","525.000000","0.000000","0.000000","127.000000","0.000000"
"10166","525.000000","0.000000","0.000000","127.000000","0.000000"
"10176","525.000000","0.000000","0.000000","127.000000","0.000000"
"10186","525.000000","0.000000","0.000000","127.000000","0.000000"
"10196","525.000000","0.000000","0.000000","127.000000","0.000000"
"10206","525.000000","0.000000","0.000000","127.000000","0.000000"
"10216","525.000000","0.000000","0.000000","127.000000","0.000000"
"10226","525.000000","0.000000","0.000000","127.000000","0.000000"
"10236","525.000000","0.000000","0.000000","127.000000","0.000000"
"10246","525.000000","0.000000","0.000000","127.000000","0.000000"
"10256","525.000000","0.000000","0.000000","127.000000","0.000000"
"10266","525.000000","0.000000","0.000000","127.000000","0.000000"
"10276","525.000000","0.000000","0.000000","127.000000","0.000000"
"10286","525.000000","0.000000","0.000000","127.000000","0.000000"
"10296","525.000000","0.000000","0.000000","127.000000","0.000000"
"10306","525.000000","0.000000","0.000000","127.000000","0.000000"
"10316","525.000000","0.000000","0.000000","127.000000","0.000000"
"10326","525.000000","0.000000","0.000000","127.000000","0.000000"
"10336","525.000000","0.000000","0.000000","127.000000","0.000000"
"10346","525.000000","0.000000","0.000000","127.000000","0.000000"
"10356","525.000000","0.000000","0.000000","127.000000","0.000000"
"10366","525.000000","0.000000","0.000000","127.000000","0.000000"
"10376","525.000000","0.000000","0.000000","127.000000","0.000000"
"10386","525.000000","0.000000","0.000000","127.000000","0.000000"
"10396","525.000000","0.000000","0.000000","127.000000","0.000000"
"10406","525.000000","0.000000","0.000000","127.000000","0.000000"
"10416","525.000000","0.000000","0.000000","127.000000","0.000000"
"10426","525.000000","0.000000","0.000000","127.000000","0.000000"
"10436","525.000000","0.000000","0.000000","127.000000","0.000000"
"10446","525.000000","0.000000","0.000000","127.000000","0.000000"
"10456","525.000000","0.000000","0.000000","127.000000","0.000000"
"10466","525.000000","0.000000","0.000000","127.000000","0.000000"
"10476","525.000000","0.000000","0.000000","127.000000","0.000000"
"10486","525.000000","0.000000","0.000000","127.000000","0.000000"
"10496","525.000000","0.000000","0.000000","127.000000","0.000000"
"10506","525.000000","0.000000","0.000000","127.000000","0.000000"
"10516","525.000000","0.000000","0.000000","127.000000","0.000000"
"10526","525.000000","0.000000","0.000000","127.000000","0.000000"
"10536","525.000000","0.000000","0.000000","127.000000","0.000000"
"10546","525.000000","0.000000","0.000000","127.000000","0.000000"
"10556","525.000000","0.000000"WARNING - pros.serial.terminal.terminal:stop - Stopping terminal
